video,frame,LFHoof_x,LFHoof_y,LFHoof_likelihood,LFAnkle_x,LFAnkle_y,LFAnkle_likelihood,LFKnee_x,LFKnee_y,LFKnee_likelihood,RFHoof_x,RFHoof_y,RFHoof_likelihood,RFAnkle_x,RFAnkle_y,RFAnkle_likelihood,RFKnee_x,RFKnee_y,RFKnee_likelihood,LHHoof_x,LHHoof_y,LHHoof_likelihood,LHAnkle_x,LHAnkle_y,LHAnkle_likelihood,LHKnee_x,LHKnee_y,LHKnee_likelihood,RHHoof_x,RHHoof_y,RHHoof_likelihood,RHAnkle_x,RHAnkle_y,RHAnkle_likelihood,RHKnee_x,RHKnee_y,RHKnee_likelihood,Nose_x,Nose_y,Nose_likelihood,HeadTop_x,HeadTop_y,HeadTop_likelihood,Spine1_x,Spine1_y,Spine1_likelihood,Spine2_x,Spine2_y,Spine2_likelihood,Spine3_x,Spine3_y,Spine3_likelihood
0604110541_rgb,34,464.94000244140625,801.1500244140625,1.0,446.4900207519531,771.6300048828125,1.0,439.1100158691406,734.72998046875,1.0,302.58001708984375,812.219970703125,1.0,313.6499938964844,779.010009765625,1.0,339.4800109863281,738.4200439453125,1.0,221.40000915527344,793.77001953125,1.0,210.3300018310547,771.6300048828125,1.0,180.80999755859375,719.969970703125,1.0,225.08999633789062,819.6000366210938,1.0,129.15000915527344,771.6300048828125,1.0,118.08000183105469,716.280029296875,1.0,612.5400390625,649.8599853515625,1.0,568.260009765625,561.300048828125,1.0,439.1100158691406,542.8499755859375,1.0,177.1199951171875,539.1600341796875,1.0,321.0299987792969,539.1600341796875,1.0
0604110541_rgb,35,464.94000244140625,801.1500244140625,1.0,446.4900207519531,771.6300048828125,1.0,439.1100158691406,734.72998046875,1.0,309.9599914550781,808.530029296875,1.0,332.1000061035156,775.3200073242188,1.0,361.6199951171875,745.800048828125,1.0,154.97999572753906,801.1500244140625,1.0,136.52999877929688,767.9400024414062,1.0,132.83999633789062,708.9000244140625,1.0,250.9199981689453,808.530029296875,1.0,232.47000122070312,771.6300048828125,1.0,199.260009765625,723.6600341796875,1.0,619.9199829101562,646.1700439453125,1.0,575.6400146484375,561.300048828125,1.0,442.8000183105469,539.1600341796875,1.0,184.5,539.1600341796875,1.0,324.7200012207031,531.780029296875,1.0
0604110541_rgb,36,469.3499755859375,802.1500244140625,1.0,447.0,772.3499755859375,1.0,443.2749938964844,731.375,1.0,335.25,787.25,1.0,376.2249755859375,779.7999877929688,1.0,398.5749816894531,750.0,1.0,156.4499969482422,802.1500244140625,1.0,137.8249969482422,768.625,1.0,141.5500030517578,709.0250244140625,1.0,290.54998779296875,809.5999755859375,1.0,264.4750061035156,776.074951171875,1.0,230.9499969482422,727.6500244140625,1.0,633.25,645.699951171875,1.0,588.5499877929688,560.0250244140625,1.0,443.2749938964844,537.6749877929688,1.0,201.14999389648438,541.4000244140625,1.0,335.25,533.9500122070312,1.0
0604110541_rgb,37,467.4599914550781,804.27001953125,1.0,452.6199951171875,774.5899658203125,1.0,441.489990234375,722.6500244140625,1.0,393.260009765625,793.1400146484375,1.0,422.94000244140625,778.300048828125,1.0,452.6199951171875,748.6199951171875,1.0,155.82000732421875,800.5599975585938,1.0,140.97999572753906,763.4599609375,1.0,152.11000061035156,704.0999755859375,1.0,300.510009765625,815.4000244140625,1.0,274.5400085449219,778.300048828125,1.0,237.44000244140625,726.3599853515625,1.0,641.8300170898438,648.4500122070312,1.0,608.4400024414062,563.1199951171875,1.0,463.75,540.8599853515625,1.0,215.1800079345703,544.5700073242188,1.0,348.739990234375,533.4400024414062,1.0
0604110541_rgb,38,468.4900207519531,806.31005859375,1.0,464.8600158691406,770.010009765625,1.0,439.45001220703125,733.7100219726562,1.0,417.6700134277344,795.4200439453125,1.0,450.34002685546875,780.9000244140625,1.0,479.3800048828125,744.5999755859375,1.0,149.0500030517578,795.4200439453125,1.0,141.79000854492188,770.010009765625,1.0,156.30999755859375,704.6700439453125,1.0,297.8800048828125,809.9400024414062,1.0,272.4700012207031,780.9000244140625,1.0,236.17001342773438,726.4500122070312,1.0,649.989990234375,650.219970703125,1.0,613.6900024414062,563.0999755859375,1.0,472.1200256347656,537.6900024414062,1.0,228.91000366210938,541.3200073242188,1.0,359.5899963378906,534.0599975585938,1.0
0604110541_rgb,39,464.8349914550781,804.3599853515625,1.0,450.2950134277344,775.280029296875,1.0,453.92999267578125,731.6600341796875,1.0,490.2799987792969,797.0899658203125,1.0,508.4549865722656,775.280029296875,1.0,512.0899658203125,731.6600341796875,1.0,148.58999633789062,804.3599853515625,1.0,134.0500030517578,771.64501953125,1.0,170.39999389648438,709.8499755859375,1.0,297.625,811.6300048828125,1.0,275.81500244140625,782.5499877929688,1.0,243.10000610351562,731.6600341796875,1.0,664.760009765625,651.6900024414062,1.0,628.4099731445312,560.8150024414062,1.0,486.6449890136719,539.0050048828125,1.0,239.46499633789062,542.6400146484375,1.0,373.9599914550781,535.3699951171875,1.0
0604110541_rgb,40,470.8599853515625,806.9500122070312,1.0,452.010009765625,773.02001953125,1.0,452.010009765625,731.5499877929688,1.0,512.3299560546875,803.1799926757812,1.0,531.1799926757812,769.25,1.0,523.6400146484375,727.780029296875,1.0,150.41000366210938,799.4100341796875,1.0,150.41000366210938,769.25,1.0,176.8000030517578,697.6199951171875,1.0,301.2099914550781,810.719970703125,1.0,274.82000732421875,780.5599975585938,1.0,248.42999267578125,724.010009765625,1.0,674.4400024414062,648.6099853515625,1.0,629.2000122070312,561.9000244140625,1.0,493.4800109863281,539.280029296875,1.0,248.42999267578125,539.280029296875,1.0,380.3800048828125,531.739990234375,1.0
0604110541_rgb,41,470.6399841308594,803.8599853515625,1.0,451.69000244140625,769.75,1.0,455.47998046875,728.0599975585938,1.0,569.1799926757812,807.6500244140625,1.0,565.3900146484375,769.75,1.0,546.4400024414062,728.0599975585938,1.0,152.27999877929688,792.489990234375,1.0,175.02000427246094,758.3800048828125,1.0,190.17999267578125,697.739990234375,1.0,296.29998779296875,815.22998046875,1.0,277.3499755859375,777.3299560546875,1.0,254.61000061035156,728.0599975585938,1.0,686.6699829101562,644.6799926757812,1.0,644.97998046875,561.2999877929688,1.0,504.75,538.5599975585938,1.0,258.3999938964844,538.5599975585938,1.0,402.41998291015625,534.77001953125,1.0
0604110541_rgb,42,462.9499816894531,805.574951171875,1.0,451.7149963378906,768.125,1.0,462.9499816894531,726.9299926757812,1.0,597.7699584960938,805.574951171875,1.0,582.7899780273438,771.8699951171875,1.0,560.3199462890625,730.6749877929688,1.0,178.32998657226562,786.8499755859375,1.0,204.5449981689453,760.635009765625,1.0,204.5449981689453,704.4599609375,1.0,301.91497802734375,813.0650024414062,1.0,279.44500732421875,779.3599853515625,1.0,256.9749755859375,730.6749877929688,1.0,702.6300048828125,637.0499877929688,1.0,657.6900024414062,554.6599731445312,1.0,522.8699951171875,539.6799926757812,1.0,268.2099914550781,539.6799926757812,1.0,418.0099792480469,532.1900024414062,1.0
0604110541_rgb,43,465.2200012207031,804.239990234375,1.0,454.0749816894531,770.8049926757812,1.0,465.2200012207031,726.2249755859375,1.0,598.9599609375,811.6699829101562,1.0,580.385009765625,778.2349853515625,1.0,569.239990234375,737.3699951171875,1.0,205.1699981689453,789.3800048828125,1.0,223.7449951171875,755.9449462890625,1.0,220.02999877929688,700.219970703125,1.0,298.04498291015625,815.385009765625,1.0,275.7550048828125,778.2349853515625,1.0,260.8949890136719,726.2249755859375,1.0,710.4099731445312,640.780029296875,1.0,665.8299560546875,555.3349609375,1.0,532.0899658203125,540.4749755859375,1.0,279.4700012207031,536.760009765625,1.0,428.0699768066406,533.0449829101562,1.0
0604110541_rgb,44,468.7200012207031,801.3199462890625,1.0,457.8599853515625,768.739990234375,1.0,468.7200012207031,728.9199829101562,1.0,602.6599731445312,808.5599975585938,1.0,584.5599975585938,775.97998046875,1.0,570.0799560546875,736.1599731445312,1.0,251.51998901367188,794.0799560546875,1.0,262.3800048828125,757.8800048828125,1.0,247.89999389648438,707.199951171875,1.0,298.5799865722656,815.7999877929688,1.0,287.7200012207031,783.219970703125,1.0,273.239990234375,728.9199829101562,1.0,722.1199951171875,634.7999877929688,1.0,675.0599975585938,555.1599731445312,1.0,541.1199951171875,540.6799926757812,1.0,287.7200012207031,537.0599975585938,1.0,439.7599792480469,533.4400024414062,1.0
0604110541_rgb,45,471.5,801.9599609375,1.0,461.04498291015625,770.594970703125,1.0,478.4700012207031,732.260009765625,1.0,603.9299926757812,808.9299926757812,1.0,583.02001953125,781.0499877929688,1.0,569.0799560546875,739.22998046875,1.0,283.30999755859375,788.02001953125,1.0,297.25,760.1400146484375,1.0,290.2799987792969,711.3499755859375,1.0,300.7349853515625,819.385009765625,1.0,286.79498291015625,791.5050048828125,1.0,276.3399963378906,739.22998046875,1.0,722.4199829101562,641.6500244140625,1.0,684.0849609375,554.5250244140625,1.0,555.1400146484375,544.0700073242188,1.0,297.25,537.0999755859375,1.0,443.6199951171875,537.0999755859375,1.0
0604110541_rgb,46,464.08001708984375,800.280029296875,1.0,467.55999755859375,768.9599609375,1.0,488.44000244140625,734.1600341796875,1.0,603.280029296875,810.719970703125,1.0,585.8800048828125,779.4000244140625,1.0,575.4400024414062,737.6400146484375,1.0,352.7200012207031,789.8399658203125,1.0,342.2799987792969,755.0400390625,1.0,317.91998291015625,713.280029296875,1.0,300.52001953125,810.719970703125,1.0,279.6400146484375,775.9200439453125,1.0,276.1600036621094,727.2000122070312,1.0,728.5599975585938,640.2000122070312,1.0,693.760009765625,556.6799926757812,1.0,561.52001953125,542.760009765625,1.0,304.0,535.7999877929688,1.0,457.1199951171875,535.7999877929688,1.0
0604110541_rgb,47,464.4800109863281,796.8399658203125,1.0,488.55999755859375,765.8800048828125,1.0,512.6400146484375,734.9200439453125,1.0,602.0800170898438,810.5999755859375,1.0,588.3200073242188,776.2000122070312,1.0,574.5599975585938,741.800048828125,1.0,375.0400085449219,793.4000244140625,1.0,368.1600036621094,759.0,1.0,337.20001220703125,714.280029296875,1.0,302.79998779296875,814.0400390625,1.0,282.1600036621094,779.6400146484375,1.0,278.7200012207031,721.1600341796875,1.0,739.6799926757812,642.0400390625,1.0,701.8400268554688,556.0400390625,1.0,571.1199951171875,542.280029296875,1.0,320.0,538.8399658203125,1.0,457.6000061035156,538.8399658203125,1.0
0604110541_rgb,48,497.5,782.0999755859375,1.0,528.324951171875,764.9749755859375,1.0,548.875,730.7249755859375,1.0,603.6749877929688,809.5,1.0,583.125,778.6749877929688,1.0,579.699951171875,741.0,1.0,422.1499938964844,799.2249755859375,1.0,401.5999755859375,764.9749755859375,1.0,370.7749938964844,720.449951171875,1.0,295.42498779296875,816.3499755859375,1.0,281.7250061035156,782.0999755859375,1.0,285.1499938964844,723.875,1.0,744.0999755859375,645.0999755859375,1.0,709.8499755859375,556.0499877929688,1.0,579.699951171875,542.3499755859375,1.0,326.25,538.9249877929688,1.0,470.1000061035156,538.9249877929688,1.0
0604110541_rgb,49,515.9549560546875,778.0499877929688,1.0,550.8049926757812,767.594970703125,1.0,564.7449951171875,732.7449951171875,1.0,603.0799560546875,805.9299926757812,1.0,582.1699829101562,778.0499877929688,1.0,582.1699829101562,743.199951171875,1.0,432.31500244140625,798.9599609375,1.0,411.4049987792969,767.594970703125,1.0,380.03997802734375,722.2899780273438,1.0,296.3999938964844,816.385009765625,1.0,282.4599914550781,781.5349731445312,1.0,285.94500732421875,722.2899780273438,1.0,749.4500122070312,645.6199951171875,1.0,714.5999755859375,558.4949951171875,1.0,582.1699829101562,541.0700073242188,1.0,334.7349853515625,537.5849609375,1.0,477.6199951171875,534.0999755859375,1.0
0604110541_rgb,50,558.719970703125,788.52001953125,1.0,586.239990234375,761.0,1.0,610.3200073242188,726.5999755859375,1.0,596.5599975585938,812.5999755859375,1.0,589.6799926757812,785.0800170898438,1.0,575.9200439453125,736.9200439453125,1.0,441.760009765625,805.719970703125,1.0,421.1199951171875,774.760009765625,1.0,386.7200012207031,723.1600341796875,1.0,297.2799987792969,816.0400390625,1.0,283.52001953125,781.6400146484375,1.0,293.8399963378906,723.1600341796875,1.0,758.239990234375,647.47998046875,1.0,727.280029296875,558.0400390625,1.0,596.5599975585938,540.8399658203125,1.0,348.8800048828125,537.4000244140625,1.0,493.3600158691406,537.4000244140625,1.0
0604110541_rgb,51,605.5050048828125,774.114990234375,1.0,622.6799926757812,756.9400024414062,1.0,629.5499877929688,722.5899658203125,1.0,595.199951171875,811.9000244140625,1.0,574.5899658203125,784.4199829101562,1.0,581.4599609375,736.3299560546875,1.0,440.625,801.594970703125,1.0,420.0150146484375,770.6799926757812,1.0,389.0999755859375,722.5899658203125,1.0,299.7900085449219,815.3349609375,1.0,286.04998779296875,780.9849853515625,1.0,299.7900085449219,719.155029296875,1.0,760.0800170898438,653.8900146484375,1.0,732.5999755859375,561.14501953125,1.0,612.375,543.969970703125,1.0,354.75,540.5350341796875,1.0,505.8899841308594,537.0999755859375,1.0
0604110541_rgb,52,653.3199462890625,788.3399658203125,1.0,663.8049926757812,756.885009765625,1.0,660.3099975585938,718.4400024414062,1.0,597.4000244140625,809.3099975585938,1.0,583.4199829101562,777.85498046875,1.0,583.4199829101562,735.9149780273438,1.0,443.6199951171875,802.3199462890625,1.0,422.6499938964844,770.864990234375,1.0,394.69000244140625,721.9349975585938,1.0,296.8299865722656,812.8049926757812,1.0,289.8399963378906,777.85498046875,1.0,307.31500244140625,714.9449462890625,1.0,772.1499633789062,655.530029296875,1.0,744.1900024414062,561.1649780273438,1.0,625.3599853515625,543.6900024414062,1.0,373.7200012207031,543.6900024414062,1.0,520.510009765625,536.7000122070312,1.0
0604110541_rgb,53,700.8699951171875,789.5400390625,1.0,697.2750244140625,749.9949951171875,1.0,682.89501953125,710.4500122070312,1.0,600.2099609375,811.1099853515625,1.0,585.8300170898438,775.1600341796875,1.0,585.8300170898438,732.02001953125,1.0,442.0299987792969,803.9200439453125,1.0,420.46002197265625,771.5650024414062,1.0,395.29498291015625,721.2349853515625,1.0,298.2300109863281,814.7050170898438,1.0,291.0400085449219,782.3499755859375,1.0,316.20501708984375,714.0450439453125,1.0,783.5549926757812,652.9299926757812,1.0,754.7949829101562,559.4600219726562,1.0,636.1600341796875,537.8900146484375,1.0,388.10498046875,545.0800170898438,1.0,535.5,537.8900146484375,1.0
0604110541_rgb,54,717.5999755859375,790.199951171875,1.0,706.7999877929688,754.199951171875,1.0,692.4000244140625,714.5999755859375,1.0,602.4000244140625,804.5999755859375,1.0,588.0,775.7999877929688,1.0,588.0,732.5999755859375,1.0,440.3999938964844,797.4000244140625,1.0,418.79998779296875,768.5999755859375,1.0,393.5999755859375,714.5999755859375,1.0,300.0,815.4000244140625,1.0,292.79998779296875,779.4000244140625,1.0,321.5999755859375,714.5999755859375,1.0,793.2000122070312,653.4000244140625,1.0,764.3999633789062,559.7999877929688,1.0,652.7999877929688,545.4000244140625,1.0,400.79998779296875,545.4000244140625,1.0,537.5999755859375,538.2000122070312,1.0
0604110541_rgb,55,736.25,793.7950439453125,1.0,721.7899780273438,761.260009765625,1.0,707.3300170898438,721.4949951171875,1.0,598.8800048828125,811.8699951171875,1.0,588.0350341796875,775.719970703125,1.0,591.6500244140625,735.9549560546875,1.0,439.82000732421875,801.0250244140625,1.0,418.1300048828125,768.489990234375,1.0,396.44000244140625,717.8800048828125,1.0,295.2200012207031,808.2550048828125,1.0,309.67999267578125,772.10498046875,1.0,331.3699951171875,710.6500244140625,1.0,808.5499877929688,645.5799560546875,1.0,772.4000244140625,558.8200073242188,1.0,656.719970703125,544.3599853515625,1.0,414.5150146484375,544.3599853515625,1.0,555.5,537.1300048828125,1.0
0604110541_rgb,56,740.3800048828125,795.10498046875,1.0,725.6400146484375,761.9400024414062,1.0,707.2149658203125,721.405029296875,1.0,600.3499755859375,813.530029296875,1.0,585.6099853515625,776.6799926757812,1.0,592.97998046875,732.4599609375,1.0,438.2099914550781,798.7899780273438,1.0,416.0999755859375,769.3099975585938,1.0,393.989990234375,717.719970703125,1.0,309.2349853515625,802.4749755859375,1.0,327.6600036621094,769.3099975585938,1.0,342.3999938964844,710.3499755859375,1.0,814.0800170898438,647.7049560546875,1.0,780.9149780273438,555.5800170898438,1.0,666.6799926757812,540.8399658203125,1.0,423.4700012207031,544.5250244140625,1.0,559.8150024414062,533.469970703125,1.0
0604110541_rgb,57,744.3200073242188,795.469970703125,1.0,726.3699951171875,763.1600341796875,1.0,712.010009765625,723.6699829101562,1.0,600.719970703125,813.4199829101562,1.0,593.5399780273438,777.52001953125,1.0,600.719970703125,734.4400024414062,1.0,435.58001708984375,802.6500244140625,1.0,421.2200012207031,766.75,1.0,406.8599853515625,723.6699829101562,1.0,342.239990234375,799.0599975585938,1.0,367.3699951171875,770.3399658203125,1.0,363.7799987792969,709.3099975585938,1.0,830.47998046875,641.0999755859375,1.0,794.5799560546875,554.9400024414062,1.0,672.52001953125,540.5800170898438,1.0,435.58001708984375,547.760009765625,1.0,572.0,536.989990234375,1.0
0604110541_rgb,58,740.030029296875,795.7750244140625,1.0,726.1699829101562,764.5899658203125,1.0,712.3099975585938,726.4749755859375,1.0,594.5,813.0999755859375,1.0,591.0350341796875,774.9849853515625,1.0,601.4299926757812,736.8699951171875,1.0,435.1099853515625,802.7049560546875,1.0,421.25,771.52001953125,1.0,414.32000732421875,723.010009765625,1.0,379.66998291015625,802.7049560546875,1.0,386.5999755859375,771.52001953125,1.0,376.20501708984375,712.614990234375,1.0,837.0499877929688,639.8499755859375,1.0,798.9349975585938,553.2249755859375,1.0,681.125,542.8300170898438,1.0,448.9700012207031,549.760009765625,1.0,573.7099609375,535.9000244140625,1.0
0604110541_rgb,59,746.0599975585938,794.6199951171875,1.0,725.47998046875,763.75,1.0,718.6199951171875,729.4500122070312,1.0,602.0,815.2000122070312,1.0,595.1400146484375,777.469970703125,1.0,608.8599853515625,739.739990234375,1.0,420.21002197265625,798.050048828125,1.0,409.91998291015625,770.6099853515625,1.0,396.20001220703125,712.300048828125,1.0,444.2200012207031,808.3399658203125,1.0,451.08001708984375,774.0400390625,1.0,433.92999267578125,722.5899658203125,1.0,848.9600219726562,640.27001953125,1.0,807.7999877929688,554.52001953125,1.0,691.1800537109375,540.7999877929688,1.0,454.510009765625,544.22998046875,1.0,591.7099609375,537.3699951171875,1.0
0604110541_rgb,60,742.47998046875,797.050048828125,1.0,725.3300170898438,766.1800537109375,1.0,718.469970703125,728.4500122070312,1.0,598.4200439453125,810.77001953125,1.0,605.280029296875,776.469970703125,1.0,625.8599853515625,738.739990234375,1.0,440.6400146484375,807.3399658203125,1.0,413.20001220703125,779.9000244140625,1.0,420.05999755859375,711.300048828125,1.0,509.239990234375,810.77001953125,1.0,505.80999755859375,776.469970703125,1.0,468.08001708984375,731.8800048828125,1.0,855.6699829101562,642.7000122070312,1.0,821.3699951171875,550.0900268554688,1.0,708.1800537109375,539.7999877929688,1.0,468.08001708984375,546.6600341796875,1.0,601.8499755859375,536.3699951171875,1.0
0604110541_rgb,61,741.0999755859375,794.949951171875,1.0,723.9749755859375,767.5499877929688,1.0,720.5499877929688,729.875,1.0,604.0999755859375,808.6500244140625,1.0,617.7999877929688,777.824951171875,1.0,645.199951171875,740.1500244140625,1.0,439.70001220703125,798.375,1.0,419.1499938964844,767.5499877929688,1.0,419.1499938964844,712.75,1.0,539.0250244140625,808.6500244140625,1.0,521.9000244140625,774.4000244140625,1.0,491.07501220703125,729.875,1.0,864.3999633789062,644.25,1.0,830.1499633789062,551.7750244140625,1.0,720.5499877929688,541.5,1.0,477.375,541.5,1.0,607.5250244140625,538.0750122070312,1.0
0604110541_rgb,62,746.0599975585938,791.969970703125,1.0,721.875,767.7850341796875,1.0,718.4199829101562,726.324951171875,1.0,632.0449829101562,791.969970703125,1.0,663.1400146484375,774.6949462890625,1.0,683.8699951171875,743.5999755859375,1.0,435.1099853515625,812.699951171875,1.0,421.28997802734375,781.60498046875,1.0,514.5750122070312,712.5050048828125,1.0,576.7650146484375,809.2449951171875,1.0,552.5799560546875,778.1500244140625,1.0,424.7449951171875,705.594970703125,1.0,877.3499755859375,639.949951171875,1.0,842.7999877929688,550.1199951171875,1.0,732.239990234375,539.7550048828125,1.0,483.47998046875,546.6649780273438,1.0,614.77001953125,536.2999877929688,1.0
0604110541_rgb,63,740.1800537109375,796.9100341796875,1.0,719.5999755859375,769.469970703125,1.0,726.4600219726562,721.4500122070312,1.0,654.4299926757812,786.6199951171875,1.0,688.72998046875,772.9000244140625,1.0,705.8800048828125,745.4600219726562,1.0,438.3399963378906,800.3399658203125,1.0,424.6199951171875,776.3300170898438,1.0,431.4800109863281,714.5899658203125,1.0,582.4000244140625,810.6300048828125,1.0,558.3900146484375,776.3300170898438,1.0,524.0900268554688,728.3099975585938,1.0,884.239990234375,642.5599975585938,1.0,856.7999877929688,549.9500122070312,1.0,740.1800537109375,539.6600341796875,1.0,493.2200012207031,546.52001953125,1.0,626.989990234375,536.22998046875,1.0
0604110541_rgb,64,740.699951171875,800.6500244140625,1.0,713.2999877929688,759.5499877929688,1.0,709.875,732.1500244140625,1.0,692.75,786.949951171875,1.0,720.1500244140625,773.25,1.0,754.4000244140625,739.0,1.0,432.45001220703125,807.5,1.0,415.32501220703125,780.0999755859375,1.0,521.5,708.1749877929688,1.0,583.1500244140625,810.9249877929688,1.0,555.75,780.0999755859375,1.0,528.3499755859375,732.1500244140625,1.0,898.25,643.0999755859375,1.0,867.4249877929688,550.625,1.0,754.4000244140625,540.3499755859375,1.0,504.375,547.2000122070312,1.0,641.375,533.5,1.0
0604110541_rgb,65,730.6900024414062,803.7899780273438,1.0,716.8699951171875,769.239990234375,1.0,720.324951171875,731.2349853515625,1.0,709.9599609375,793.4249877929688,1.0,754.875,772.6949462890625,1.0,765.239990234375,734.6900024414062,1.0,433.55999755859375,810.699951171875,1.0,540.6649780273438,762.3299560546875,1.0,519.9349975585938,707.0499877929688,1.0,575.2149658203125,807.2449951171875,1.0,557.9400024414062,776.1500244140625,1.0,447.3800048828125,700.1400146484375,1.0,906.8949584960938,644.8599853515625,1.0,875.7999877929688,551.5750122070312,1.0,761.7850341796875,537.7550048828125,1.0,513.0250244140625,548.1199951171875,1.0,644.3150024414062,537.7550048828125,1.0
0604110541_rgb,66,741.5,797.0,1.0,727.5,769.0,1.0,731.0,727.0,1.0,780.0,797.0,1.0,801.0,765.5,1.0,794.0,723.5,1.0,437.0,800.5,1.0,430.0,776.0,1.0,458.0,706.0,1.0,577.0,811.0,1.0,556.0,776.0,1.0,531.5,730.5,1.0,920.0,643.0,1.0,892.0,552.0,1.0,773.0,538.0,1.0,528.0,545.0,1.0,668.0,538.0,1.0
0604110541_rgb,67,741.7999877929688,798.7999877929688,1.0,724.0499877929688,766.8499755859375,1.0,731.1500244140625,724.25,1.0,812.7999877929688,795.25,1.0,816.3499755859375,759.75,1.0,805.699951171875,720.699951171875,1.0,436.5,802.3499755859375,1.0,436.5,773.949951171875,1.0,461.3499755859375,706.5,1.0,574.9500122070312,809.449951171875,1.0,553.6500244140625,777.5,1.0,528.7999877929688,727.7999877929688,1.0,933.5,642.5999755859375,1.0,898.0,550.2999877929688,1.0,777.2999877929688,536.0999755859375,1.0,535.9000244140625,543.2000122070312,1.0,670.7999877929688,536.0999755859375,1.0
0604110541_rgb,68,742.550048828125,797.625,1.0,728.25,765.4500122070312,1.0,735.4000244140625,722.550048828125,1.0,849.7999877929688,801.2000122070312,1.0,842.6500244140625,761.875,1.0,828.3499755859375,722.550048828125,1.0,442.25,815.5,1.0,542.3499755859375,754.7249755859375,1.0,535.2000122070312,708.25,1.0,581.6749877929688,808.3499755859375,1.0,560.2249755859375,776.175048828125,1.0,474.42498779296875,701.0999755859375,1.0,946.3250122070312,643.9000244140625,1.0,914.1500244140625,550.9500122070312,1.0,789.0250244140625,536.6500244140625,1.0,545.9249877929688,543.7999877929688,1.0,681.7750244140625,536.6500244140625,1.0
0604110541_rgb,69,739.0,798.0,1.0,728.199951171875,762.0,1.0,739.0,722.4000244140625,1.0,861.3999633789062,801.5999755859375,1.0,847.0,765.5999755859375,1.0,832.5999755859375,726.0,1.0,465.3999938964844,787.199951171875,1.0,483.3999938964844,754.7999877929688,1.0,494.20001220703125,704.4000244140625,1.0,580.5999755859375,808.7999877929688,1.0,555.4000244140625,776.4000244140625,1.0,537.4000244140625,729.5999755859375,1.0,962.2000122070312,636.0,1.0,922.5999755859375,549.5999755859375,1.0,803.7999877929688,535.2000122070312,1.0,559.0,546.0,1.0,692.199951171875,535.2000122070312,1.0
0604110541_rgb,70,742.8300170898438,795.925048828125,1.0,728.6099853515625,763.9300537109375,1.0,742.8300170898438,724.8250122070312,1.0,863.7000122070312,803.0350341796875,1.0,845.925048828125,771.0400390625,1.0,835.260009765625,735.489990234375,1.0,486.8699951171875,788.8150024414062,1.0,504.64501953125,753.2650146484375,1.0,508.20001220703125,699.9400024414062,1.0,575.7449951171875,810.14501953125,1.0,557.969970703125,774.594970703125,1.0,543.75,728.3800048828125,1.0,970.3500366210938,635.9500122070312,1.0,927.6900024414062,550.6300048828125,1.0,806.8200073242188,536.4100341796875,1.0,568.635009765625,543.52001953125,1.0,700.1700439453125,536.4100341796875,1.0
0604110541_rgb,71,743.239990234375,795.7249755859375,1.0,732.9349975585938,761.375,1.0,750.1099853515625,727.0250244140625,1.0,860.030029296875,799.1600341796875,1.0,842.85498046875,771.6799926757812,1.0,832.5499877929688,730.4599609375,1.0,530.27001953125,788.85498046875,1.0,544.010009765625,754.5050048828125,1.0,526.8349609375,702.97998046875,1.0,578.3599853515625,809.4649658203125,1.0,564.6199951171875,778.5499877929688,1.0,554.3150024414062,727.0250244140625,1.0,980.2550048828125,637.7149658203125,1.0,935.5999755859375,551.8399658203125,1.0,822.2449951171875,541.5350341796875,1.0,571.489990234375,544.969970703125,1.0,708.8900146484375,538.0999755859375,1.0
0604110541_rgb,72,743.5,797.7999877929688,1.0,733.2249755859375,760.125,1.0,750.3499755859375,725.875,1.0,863.375,804.6500244140625,1.0,846.25,773.824951171875,1.0,835.9749755859375,736.1500244140625,1.0,558.5499877929688,787.5250244140625,1.0,565.4000244140625,756.699951171875,1.0,555.125,701.9000244140625,1.0,579.0999755859375,814.9249877929688,1.0,575.6749877929688,780.6749877929688,1.0,565.4000244140625,729.2999877929688,1.0,990.0999755859375,640.25,1.0,945.5750122070312,551.2000122070312,1.0,825.699951171875,540.9249877929688,1.0,579.0999755859375,544.3499755859375,1.0,712.6749877929688,534.0750122070312,1.0
0604110541_rgb,73,746.1600341796875,797.5400390625,1.0,742.739990234375,763.3399658203125,1.0,759.8399658203125,729.1400146484375,1.0,862.4400024414062,804.3800048828125,1.0,848.760009765625,773.5999755859375,1.0,841.9200439453125,732.5599975585938,1.0,616.2000122070312,790.7000122070312,1.0,619.6199951171875,756.5,1.0,595.6799926757812,715.4600219726562,1.0,575.1600341796875,814.6400146484375,1.0,561.47998046875,777.02001953125,1.0,554.6400146484375,725.719970703125,1.0,999.239990234375,636.800048828125,1.0,958.2000122070312,551.2999877929688,1.0,835.0800170898438,537.6199951171875,1.0,588.8399658203125,541.0400390625,1.0,725.6400146484375,534.2000122070312,1.0
0604110541_rgb,74,742.8900146484375,787.2899780273438,1.0,770.3699951171875,759.8099975585938,1.0,790.97998046875,732.3299560546875,1.0,866.5499877929688,801.030029296875,1.0,845.9400024414062,773.5499877929688,1.0,839.0700073242188,732.3299560546875,1.0,674.1900024414062,794.1600341796875,1.0,660.4500122070312,759.8099975585938,1.0,629.5350341796875,715.155029296875,1.0,578.010009765625,811.3349609375,1.0,560.8349609375,780.4199829101562,1.0,560.8349609375,722.0250244140625,1.0,1010.8200073242188,636.1500244140625,1.0,969.5999755859375,550.2750244140625,1.0,842.5050048828125,536.5350341796875,1.0,605.489990234375,539.969970703125,1.0,742.8900146484375,533.0999755859375,1.0
0604110541_rgb,75,751.0599975585938,778.6799926757812,1.0,782.469970703125,757.739990234375,1.0,806.9000244140625,729.8200073242188,1.0,862.739990234375,806.5999755859375,1.0,841.7999877929688,771.7000122070312,1.0,841.7999877929688,729.8200073242188,1.0,695.219970703125,792.6400146484375,1.0,677.77001953125,761.22998046875,1.0,642.8699951171875,715.8599853515625,1.0,576.5599975585938,813.5799560546875,1.0,562.5999755859375,778.6799926757812,1.0,562.5999755859375,715.8599853515625,1.0,1019.7899780273438,639.0799560546875,1.0,974.4199829101562,548.3399658203125,1.0,845.2900390625,534.3800048828125,1.0,614.9500122070312,541.3599853515625,1.0,744.0799560546875,534.3800048828125,1.0
0604110541_rgb,76,779.5,769.43505859375,1.0,814.6500244140625,758.8900146484375,1.0,832.2249755859375,727.2550048828125,1.0,860.344970703125,804.5850219726562,1.0,842.77001953125,772.9500122070312,1.0,846.2850341796875,744.8300170898438,1.0,709.2000122070312,797.5550537109375,1.0,691.625,765.9200439453125,1.0,652.9600219726562,716.7100219726562,1.0,575.6300048828125,811.614990234375,1.0,561.5700073242188,779.97998046875,1.0,568.5999755859375,716.7100219726562,1.0,1032.580078125,639.3800048828125,1.0,983.3699951171875,547.989990234375,1.0,860.344970703125,533.9299926757812,1.0,624.8400268554688,540.9600219726562,1.0,758.4100341796875,530.4150390625,1.0
0604110541_rgb,77,798.3900146484375,770.405029296875,1.0,829.39501953125,756.625,1.0,863.844970703125,729.0650024414062,1.0,860.4000244140625,804.85498046875,1.0,846.6199951171875,777.2949829101562,1.0,846.6199951171875,746.2899780273438,1.0,715.7099609375,794.52001953125,1.0,691.594970703125,763.5150146484375,1.0,660.5899658203125,718.72998046875,1.0,577.9100341796875,811.7449951171875,1.0,564.1300048828125,780.739990234375,1.0,571.02001953125,715.2850341796875,1.0,1039.5400390625,636.0499877929688,1.0,991.3099975585938,549.9249877929688,1.0,867.2899780273438,536.14501953125,1.0,626.1400146484375,543.0349731445312,1.0,763.9400024414062,532.7000122070312,1.0
0604110541_rgb,78,863.1700439453125,770.469970703125,1.0,883.75,753.3200073242188,1.0,894.0400390625,719.02001953125,1.0,866.5999755859375,804.77001953125,1.0,846.02001953125,780.760009765625,1.0,846.02001953125,732.739990234375,1.0,715.6799926757812,797.9100341796875,1.0,695.0999755859375,770.469970703125,1.0,660.7999877929688,722.4500122070312,1.0,578.47998046875,811.6300048828125,1.0,564.760009765625,780.760009765625,1.0,575.0499877929688,715.5899658203125,1.0,1048.3900146484375,636.7000122070312,1.0,1003.7999877929688,550.9500122070312,1.0,883.75,540.6600341796875,1.0,640.219970703125,544.0900268554688,1.0,777.4200439453125,533.7999877929688,1.0
0604110541_rgb,79,881.4500122070312,772.5,1.0,902.1500244140625,755.25,1.0,905.5999755859375,717.300048828125,1.0,864.2000122070312,807.0,1.0,846.9500122070312,772.5,1.0,843.5,731.0999755859375,1.0,712.4000244140625,796.6500244140625,1.0,691.7000122070312,765.5999755859375,1.0,657.2000122070312,717.300048828125,1.0,577.8499755859375,810.4500122070312,1.0,567.5,779.4000244140625,1.0,581.2999877929688,710.4000244140625,1.0,1057.4000244140625,641.4000244140625,1.0,1016.0,551.7000122070312,1.0,895.25,537.9000244140625,1.0,646.8499755859375,541.3499755859375,1.0,781.4000244140625,531.0,1.0
0604110541_rgb,80,926.0400390625,780.0400390625,1.0,939.9200439453125,752.280029296875,1.0,932.97998046875,710.6400146484375,1.0,863.5800170898438,800.8599853515625,1.0,849.7000122070312,769.6300048828125,1.0,849.7000122070312,731.4599609375,1.0,710.9000244140625,793.9200439453125,1.0,690.0800170898438,766.1600341796875,1.0,662.3200073242188,717.5800170898438,1.0,579.0399780273438,811.27001953125,1.0,568.6300048828125,776.5700073242188,1.0,589.4500122070312,710.6400146484375,1.0,1071.780029296875,641.239990234375,1.0,1026.669921875,551.02001953125,1.0,905.219970703125,537.1400146484375,1.0,662.3200073242188,544.0800170898438,1.0,794.1799926757812,530.2000122070312,1.0
0604110541_rgb,81,972.0700073242188,787.8049926757812,1.0,968.4849853515625,751.9550170898438,1.0,954.14501953125,712.52001953125,1.0,857.3499755859375,805.72998046875,1.0,843.010009765625,769.8800048828125,1.0,850.1799926757812,726.8599853515625,1.0,713.9500122070312,791.3900146484375,1.0,688.85498046875,762.7099609375,1.0,667.344970703125,716.10498046875,1.0,577.719970703125,809.3150024414062,1.0,577.719970703125,773.4649658203125,1.0,599.22998046875,708.9349975585938,1.0,1083.205078125,640.8200073242188,1.0,1040.18505859375,554.780029296875,1.0,918.2950439453125,540.4400024414062,1.0,674.5150146484375,540.4400024414062,1.0,807.1600341796875,533.27001953125,1.0
0604110541_rgb,82,986.5900268554688,790.7850341796875,1.0,975.655029296875,754.3349609375,1.0,961.0750122070312,717.885009765625,1.0,855.3699951171875,805.364990234375,1.0,848.0799560546875,768.9150390625,1.0,855.3699951171875,728.8200073242188,1.0,709.5700073242188,794.4299926757812,1.0,687.7000122070312,765.27001953125,1.0,665.8300170898438,710.594970703125,1.0,578.3499755859375,809.010009765625,1.0,585.6400146484375,768.9150390625,1.0,607.510009765625,703.3049926757812,1.0,1095.93994140625,641.3399658203125,1.0,1048.554931640625,553.8599853515625,1.0,920.97998046875,539.280029296875,1.0,680.4100341796875,539.280029296875,1.0,811.6300048828125,531.989990234375,1.0
0604110541_rgb,83,991.8800048828125,793.760009765625,1.0,980.9600219726562,757.3599853515625,1.0,970.0400390625,720.9600219726562,1.0,860.8399658203125,804.6800537109375,1.0,849.9200439453125,771.9200439453125,1.0,860.8399658203125,728.239990234375,1.0,715.239990234375,793.760009765625,1.0,686.1199951171875,764.6400146484375,1.0,671.5599975585938,713.6800537109375,1.0,587.8400268554688,797.4000244140625,1.0,609.6799926757812,768.280029296875,1.0,620.5999755859375,706.4000244140625,1.0,1108.360107421875,633.5999755859375,1.0,1057.4000244140625,549.8800048828125,1.0,926.3599853515625,538.9600219726562,1.0,693.4000244140625,542.5999755859375,1.0,820.800048828125,531.6799926757812,1.0
0604110541_rgb,84,996.199951171875,791.719970703125,1.0,978.2999877929688,759.5,1.0,967.5599975585938,723.699951171875,1.0,860.1600341796875,806.0399780273438,1.0,845.8399658203125,770.239990234375,1.0,860.1600341796875,730.8599853515625,1.0,709.7999877929688,795.2999877929688,1.0,688.3200073242188,763.0799560546875,1.0,670.4199829101562,716.5399780273438,1.0,609.5599975585938,798.8800048828125,1.0,627.4599609375,766.6600341796875,1.0,631.0399780273438,705.7999877929688,1.0,1110.760009765625,634.199951171875,1.0,1067.800048828125,548.280029296875,1.0,935.3399658203125,537.5399780273438,1.0,702.6400146484375,541.1199951171875,1.0,824.3599853515625,533.9599609375,1.0
0604110541_rgb,85,997.52001953125,789.3599853515625,1.0,979.8200073242188,761.0400390625,1.0,969.199951171875,725.6400146484375,1.0,859.4599609375,803.52001953125,1.0,855.9199829101562,768.1199951171875,1.0,870.0799560546875,732.719970703125,1.0,714.3200073242188,789.3599853515625,1.0,693.0800170898438,768.1199951171875,1.0,689.5399780273438,722.0999755859375,1.0,657.6799926757812,796.4400024414062,1.0,668.2999877929688,764.5799560546875,1.0,654.1400146484375,700.8599853515625,1.0,1124.9599609375,633.5999755859375,1.0,1075.4000244140625,548.6400146484375,1.0,947.9599609375,538.02001953125,1.0,714.3200073242188,541.5599975585938,1.0,834.6799926757812,534.47998046875,1.0
0604110541_rgb,86,997.3399658203125,791.8499755859375,1.0,979.7900390625,760.260009765625,1.0,969.260009765625,725.1600341796875,1.0,863.9599609375,805.8900146484375,1.0,856.9400024414062,770.7900390625,1.0,870.97998046875,732.1799926757812,1.0,709.52001953125,798.8699951171875,1.0,677.9299926757812,774.2999877929688,1.0,670.9100341796875,728.6700439453125,1.0,688.4600219726562,805.8900146484375,1.0,706.010009765625,763.77001953125,1.0,684.9500122070312,704.0999755859375,1.0,1130.719970703125,633.9000244140625,1.0,1081.580078125,549.6600341796875,1.0,958.72998046875,539.1300048828125,1.0,720.0499877929688,542.6400146484375,1.0,846.4100341796875,528.5999755859375,1.0
0604110541_rgb,87,996.3599853515625,790.7999877929688,1.0,978.9599609375,762.9599609375,1.0,975.47998046875,724.6799926757812,1.0,857.1600341796875,808.2000122070312,1.0,860.6400146484375,769.9200439453125,1.0,878.0400390625,731.6400146484375,1.0,704.0400390625,804.719970703125,1.0,690.1199951171875,769.9200439453125,1.0,683.1600341796875,714.239990234375,1.0,752.760009765625,804.719970703125,1.0,749.280029296875,766.4400024414062,1.0,724.9199829101562,724.6799926757812,1.0,1139.0400390625,634.2000122070312,1.0,1093.800048828125,543.719970703125,1.0,968.52001953125,536.760009765625,1.0,735.3599853515625,540.239990234375,1.0,853.6799926757812,529.7999877929688,1.0
0604110541_rgb,88,993.239990234375,792.8800048828125,1.0,982.875,761.7850341796875,1.0,972.510009765625,723.780029296875,1.0,861.949951171875,806.699951171875,1.0,868.8599853515625,768.6949462890625,1.0,889.5899658203125,730.6900024414062,1.0,709.9299926757812,796.3349609375,1.0,692.655029296875,768.6949462890625,1.0,689.2000122070312,709.9599609375,1.0,782.4849853515625,803.2449951171875,1.0,772.1199951171875,765.239990234375,1.0,737.5700073242188,723.780029296875,1.0,1145.260009765625,630.4949951171875,1.0,1103.800048828125,544.1199951171875,1.0,975.9649658203125,537.2099609375,1.0,744.47998046875,540.6649780273438,1.0,868.8599853515625,530.2999877929688,1.0
0604110541_rgb,89,992.1800537109375,791.47998046875,1.0,981.8900146484375,760.6099853515625,1.0,978.4600219726562,719.4500122070312,1.0,868.7000122070312,784.6199951171875,1.0,899.5700073242188,767.469970703125,1.0,930.4400024414062,736.5999755859375,1.0,704.0599975585938,805.2000122070312,1.0,686.9100341796875,774.3300170898438,1.0,769.22998046875,705.72998046875,1.0,827.5400390625,805.2000122070312,1.0,806.9600219726562,770.9000244140625,1.0,690.3399658203125,705.72998046875,1.0,1156.820068359375,626.8399658203125,1.0,1115.6600341796875,544.52001953125,1.0,985.3200073242188,534.22998046875,1.0,755.510009765625,541.0900268554688,1.0,875.5599975585938,530.7999877929688,1.0
0604110541_rgb,90,995.0800170898438,790.5400390625,1.0,977.97998046875,756.3399658203125,1.0,977.97998046875,715.300048828125,1.0,889.0599975585938,780.280029296875,1.0,919.8399658203125,766.5999755859375,1.0,947.2000122070312,739.239990234375,1.0,707.7999877929688,800.800048828125,1.0,694.1199951171875,766.5999755859375,1.0,700.9600219726562,705.0400390625,1.0,844.5999755859375,800.800048828125,1.0,820.6600341796875,770.02001953125,1.0,783.0400390625,725.5599975585938,1.0,1159.239990234375,629.800048828125,1.0,1118.199951171875,540.8800048828125,1.0,991.6600341796875,534.0400390625,1.0,759.0999755859375,540.8800048828125,1.0,878.800048828125,527.2000122070312,1.0
0604110541_rgb,91,997.0700073242188,790.1600341796875,1.0,983.3299560546875,766.114990234375,1.0,973.0250244140625,718.0250244140625,1.0,924.9349975585938,776.4199829101562,1.0,959.2850341796875,769.5499877929688,1.0,990.199951171875,738.635009765625,1.0,705.094970703125,803.9000244140625,1.0,684.4849853515625,779.85498046875,1.0,787.5350341796875,711.155029296875,1.0,845.9299926757812,807.3349609375,1.0,825.3200073242188,776.4199829101562,1.0,705.094970703125,704.2850341796875,1.0,1172.2550048828125,625.280029296875,1.0,1131.034912109375,542.8399658203125,1.0,1003.9400024414062,532.5350341796875,1.0,770.3599853515625,542.8399658203125,1.0,900.8900146484375,529.0999755859375,1.0
0604110541_rgb,92,1000.550048828125,795.6500244140625,1.0,993.6500244140625,761.1500244140625,1.0,979.8499755859375,726.6500244140625,1.0,955.7000122070312,785.300048828125,1.0,983.300048828125,771.5,1.0,1010.9000244140625,737.0,1.0,700.4000244140625,806.0,1.0,817.7000122070312,754.25,1.0,790.0999755859375,709.4000244140625,1.0,845.2999877929688,806.0,1.0,824.5999755859375,774.9500122070312,1.0,710.75,699.050048828125,1.0,1183.4000244140625,633.5,1.0,1142.0,543.7999877929688,1.0,1010.9000244140625,530.0,1.0,776.2999877929688,543.7999877929688,1.0,903.9500122070312,530.0,1.0
0604110541_rgb,93,991.4749755859375,794.7049560546875,1.0,981.0799560546875,763.52001953125,1.0,981.0799560546875,721.9400024414062,1.0,1012.2650146484375,784.3099975585938,1.0,1033.054931640625,766.9849853515625,1.0,1043.449951171875,728.8699951171875,1.0,703.8800048828125,798.1699829101562,1.0,696.9500122070312,763.52001953125,1.0,724.6699829101562,701.1500244140625,1.0,845.9450073242188,805.0999755859375,1.0,821.6900024414062,773.9149780273438,1.0,797.4349975585938,725.405029296875,1.0,1188.97998046875,631.8499755859375,1.0,1154.3299560546875,541.760009765625,1.0,1022.6600341796875,534.8300170898438,1.0,793.969970703125,541.760009765625,1.0,915.2449951171875,531.364990234375,1.0
0604110541_rgb,94,995.7100219726562,794.0400390625,1.0,978.135009765625,762.405029296875,1.0,981.6500244140625,720.2249755859375,1.0,1034.375,787.010009765625,1.0,1051.949951171875,758.8900146484375,1.0,1055.465087890625,716.7100219726562,1.0,707.47998046875,797.5550537109375,1.0,700.4500122070312,762.405029296875,1.0,725.0549926757812,702.6500244140625,1.0,844.5650024414062,804.5850219726562,1.0,823.4749755859375,772.9500122070312,1.0,798.8699951171875,723.739990234375,1.0,1199.580078125,632.3499755859375,1.0,1160.9150390625,544.4749755859375,1.0,1030.8599853515625,533.9299926757812,1.0,798.8699951171875,540.9600219726562,1.0,918.3800048828125,533.9299926757812,1.0
0604110541_rgb,95,993.47998046875,795.4400024414062,1.0,975.780029296875,763.5799560546875,1.0,986.4000244140625,721.0999755859375,1.0,1085.52001953125,791.9000244140625,1.0,1085.52001953125,756.5,1.0,1078.43994140625,717.5599975585938,1.0,703.2000122070312,795.4400024414062,1.0,696.1199951171875,763.5799560546875,1.0,798.780029296875,703.4000244140625,1.0,844.7999877929688,806.0599975585938,1.0,823.5599975585938,770.6600341796875,1.0,802.3200073242188,728.1799926757812,1.0,1212.9599609375,632.5999755859375,1.0,1174.02001953125,547.6400146484375,1.0,1043.0400390625,533.47998046875,1.0,809.4000244140625,540.5599975585938,1.0,940.3800048828125,533.47998046875,1.0
0604110541_rgb,96,996.1199951171875,794.4000244140625,1.0,981.5599975585938,758.0,1.0,988.8399658203125,717.9600219726562,1.0,1105.320068359375,790.760009765625,1.0,1101.6800537109375,758.0,1.0,1090.760009765625,717.9600219726562,1.0,708.5599975585938,812.5999755859375,1.0,814.1199951171875,758.0,1.0,799.5599975585938,703.4000244140625,1.0,843.239990234375,801.6800537109375,1.0,825.0400390625,776.2000122070312,1.0,799.5599975585938,728.8800048828125,1.0,1221.800048828125,634.239990234375,1.0,1178.1199951171875,546.8800048828125,1.0,1054.3599853515625,535.9600219726562,1.0,814.1199951171875,535.9600219726562,1.0,945.1600341796875,528.6799926757812,1.0
0604110541_rgb,97,995.719970703125,793.699951171875,1.0,984.8599853515625,757.5,1.0,995.719970703125,721.2999877929688,1.0,1118.800048828125,797.3199462890625,1.0,1111.56005859375,757.5,1.0,1097.0799560546875,721.2999877929688,1.0,731.4600219726562,782.8399658203125,1.0,749.5599975585938,753.8800048828125,1.0,756.7999877929688,695.9599609375,1.0,847.2999877929688,804.5599975585938,1.0,825.5799560546875,771.97998046875,1.0,807.47998046875,724.9199829101562,1.0,1234.639892578125,630.7999877929688,1.0,1191.199951171875,547.5399780273438,1.0,1068.1199951171875,536.6799926757812,1.0,825.5799560546875,536.6799926757812,1.0,955.9000244140625,529.4400024414062,1.0
0604110541_rgb,98,994.0999755859375,791.25,1.0,983.449951171875,759.2999877929688,1.0,997.6500244140625,720.25,1.0,1125.449951171875,794.7999877929688,1.0,1107.699951171875,766.4000244140625,1.0,1097.050048828125,727.3499755859375,1.0,745.5999755859375,784.1500244140625,1.0,763.3499755859375,755.75,1.0,766.9000244140625,702.5,1.0,848.5499877929688,801.9000244140625,1.0,827.25,769.949951171875,1.0,809.5,723.7999877929688,1.0,1239.050048828125,631.5,1.0,1200.0,546.2999877929688,1.0,1072.199951171875,535.6500244140625,1.0,837.9000244140625,539.2000122070312,1.0,965.699951171875,532.0999755859375,1.0
0604110541_rgb,99,998.0,791.6400146484375,1.0,987.530029296875,760.22998046875,1.0,1001.489990234375,721.8399658203125,1.0,1123.6400146484375,795.1300048828125,1.0,1106.18994140625,767.2099609375,1.0,1095.719970703125,728.8200073242188,1.0,795.5800170898438,781.1700439453125,1.0,806.0499877929688,746.27001953125,1.0,792.0899658203125,693.9200439453125,1.0,847.9299926757812,805.5999755859375,1.0,830.47998046875,774.1900024414062,1.0,820.010009765625,718.3499755859375,1.0,1249.280029296875,631.0999755859375,1.0,1207.4000244140625,547.3399658203125,1.0,1088.739990234375,536.8699951171875,1.0,851.4199829101562,540.3599853515625,1.0,977.0599975585938,533.3800048828125,1.0
0604110541_rgb,100,992.47998046875,791.5400390625,1.0,989.0599975585938,757.3399658203125,1.0,1006.1600341796875,723.1400146484375,1.0,1129.280029296875,794.9600219726562,1.0,1108.760009765625,767.5999755859375,1.0,1101.9200439453125,726.5599975585938,1.0,855.6799926757812,777.8599853515625,1.0,848.8399658203125,747.0800170898438,1.0,831.739990234375,688.9400024414062,1.0,842.0,808.6400146484375,1.0,821.47998046875,781.280029296875,1.0,814.6400146484375,723.1400146484375,1.0,1259.239990234375,637.6400146484375,1.0,1218.199951171875,548.719970703125,1.0,1101.9200439453125,535.0400390625,1.0,855.6799926757812,535.0400390625,1.0,985.6400146484375,531.6199951171875,1.0
0604110541_rgb,101,994.9400024414062,789.52001953125,1.0,991.4949951171875,758.5150146484375,1.0,1015.6099853515625,720.6199951171875,1.0,1125.8499755859375,796.4100341796875,1.0,1105.179931640625,768.8499755859375,1.0,1098.2900390625,727.510009765625,1.0,874.364990234375,782.6300048828125,1.0,877.8099975585938,748.1799926757812,1.0,857.1400146484375,706.8399658203125,1.0,846.8049926757812,806.7449951171875,1.0,829.5800170898438,772.2949829101562,1.0,819.2449951171875,717.1749877929688,1.0,1263.64990234375,637.9400024414062,1.0,1229.199951171875,548.3699951171875,1.0,1105.179931640625,534.5899658203125,1.0,860.5849609375,534.5899658203125,1.0,988.0499877929688,527.7000122070312,1.0
0604110541_rgb,102,998.5599975585938,788.47998046875,1.0,1008.8499755859375,757.6099853515625,1.0,1032.8599853515625,723.3099975585938,1.0,1128.9000244140625,795.3399658203125,1.0,1108.320068359375,767.9000244140625,1.0,1101.4599609375,726.739990234375,1.0,929.9600219726562,788.47998046875,1.0,916.239990234375,754.1800537109375,1.0,888.7999877929688,709.5899658203125,1.0,847.6400146484375,805.6300048828125,1.0,833.9199829101562,771.3300170898438,1.0,830.489990234375,716.4500122070312,1.0,1272.9599609375,637.5599975585938,1.0,1238.6600341796875,551.8099975585938,1.0,1115.1800537109375,534.6600341796875,1.0,871.6500244140625,538.0900268554688,1.0,1005.4200439453125,527.7999877929688,1.0
0604110541_rgb,103,1005.1749877929688,783.6500244140625,1.0,1026.0250244140625,755.8499755859375,1.0,1050.3499755859375,724.574951171875,1.0,1126.800048828125,797.5499877929688,1.0,1105.949951171875,766.2750244140625,1.0,1099.0,728.0499877929688,1.0,946.0999755859375,787.125,1.0,925.25,755.8499755859375,1.0,897.4500122070312,707.199951171875,1.0,841.8499755859375,807.9749755859375,1.0,827.9500122070312,773.2249755859375,1.0,831.4249877929688,710.6749877929688,1.0,1279.699951171875,637.699951171875,1.0,1244.949951171875,554.2999877929688,1.0,1116.375,533.4500122070312,1.0,876.5999755859375,536.9249877929688,1.0,1008.6500244140625,526.5,1.0
0604110541_rgb,104,1026.4749755859375,765.6500244140625,1.0,1060.5250244140625,755.4349975585938,1.0,1080.9549560546875,721.385009765625,1.0,1125.219970703125,796.2949829101562,1.0,1111.5999755859375,765.6500244140625,1.0,1111.5999755859375,731.5999755859375,1.0,961.780029296875,789.4849853515625,1.0,944.7550048828125,758.8399658203125,1.0,914.1099853515625,714.574951171875,1.0,846.010009765625,806.510009765625,1.0,832.3900146484375,775.864990234375,1.0,839.2000122070312,717.97998046875,1.0,1288.659912109375,639.6650390625,1.0,1254.6099853515625,551.135009765625,1.0,1128.625,534.1099853515625,1.0,883.4649658203125,537.5150146484375,1.0,1016.260009765625,527.2999877929688,1.0
0604110541_rgb,105,1045.219970703125,764.7000122070312,1.0,1082.510009765625,754.530029296875,1.0,1096.070068359375,720.6300048828125,1.0,1119.800048828125,798.5999755859375,1.0,1109.6300048828125,764.7000122070312,1.0,1113.02001953125,730.800048828125,1.0,963.8599853515625,791.8200073242188,1.0,946.9100341796875,761.31005859375,1.0,913.010009765625,713.8499755859375,1.0,841.8200073242188,808.77001953125,1.0,831.6500244140625,774.8699951171875,1.0,841.8200073242188,713.8499755859375,1.0,1296.080078125,642.6600341796875,1.0,1262.179931640625,554.52001953125,1.0,1136.75,534.1799926757812,1.0,889.280029296875,534.1799926757812,1.0,1024.8800048828125,527.4000244140625,1.0
0604110541_rgb,106,1090.6500244140625,767.949951171875,1.0,1121.385009765625,750.875,1.0,1141.875,716.7249755859375,1.0,1124.800048828125,798.6849975585938,1.0,1114.554931640625,774.780029296875,1.0,1104.31005859375,726.969970703125,1.0,967.7099609375,788.4400024414062,1.0,943.8049926757812,761.1199951171875,1.0,919.9000244140625,713.3099975585938,1.0,841.35498046875,808.9299926757812,1.0,831.1099853515625,774.780029296875,1.0,848.1849975585938,713.3099975585938,1.0,1305.794921875,638.1799926757812,1.0,1271.64501953125,552.8049926757812,1.0,1145.2900390625,535.72998046875,1.0,902.8250122070312,539.14501953125,1.0,1039.425048828125,528.9000244140625,1.0
0604110541_rgb,107,1132.3599853515625,764.760009765625,1.0,1146.1199951171875,744.1199951171875,1.0,1156.43994140625,713.1600341796875,1.0,1122.0400390625,799.1600341796875,1.0,1101.4000244140625,775.0800170898438,1.0,1108.280029296875,726.9200439453125,1.0,956.9199829101562,792.280029296875,1.0,943.1600341796875,757.8800048828125,1.0,915.6400146484375,713.1600341796875,1.0,846.8400268554688,809.47998046875,1.0,833.0800170898438,775.0800170898438,1.0,853.719970703125,709.719970703125,1.0,1314.679931640625,644.3599853515625,1.0,1280.280029296875,554.9199829101562,1.0,1156.43994140625,534.280029296875,1.0,915.6400146484375,541.1600341796875,1.0,1046.3599853515625,527.4000244140625,1.0
0604110541_rgb,108,1172.449951171875,774.9149780273438,1.0,1186.31005859375,743.72998046875,1.0,1179.3800048828125,705.614990234375,1.0,1120.4749755859375,799.1699829101562,1.0,1106.614990234375,767.9849853515625,1.0,1110.0799560546875,726.405029296875,1.0,957.6199951171875,792.239990234375,1.0,940.2949829101562,761.0549926757812,1.0,919.5050048828125,712.5449829101562,1.0,846.739990234375,809.5650024414062,1.0,836.344970703125,774.9149780273438,1.0,857.135009765625,705.614990234375,1.0,1324.909912109375,639.780029296875,1.0,1290.260009765625,556.6199951171875,1.0,1165.52001953125,535.8300170898438,1.0,922.969970703125,539.2949829101562,1.0,1054.6400146484375,528.9000244140625,1.0
0604110541_rgb,109,1194.0400390625,777.0400390625,1.0,1200.97998046875,742.3399658203125,1.0,1190.570068359375,704.1700439453125,1.0,1124.6400146484375,797.8599853515625,1.0,1107.2900390625,766.6300048828125,1.0,1110.760009765625,724.989990234375,1.0,958.0800170898438,794.3900146484375,1.0,940.72998046875,759.6900024414062,1.0,923.3800048828125,707.6400146484375,1.0,843.5700073242188,804.800048828125,1.0,840.0999755859375,770.0999755859375,1.0,864.3900146484375,707.6400146484375,1.0,1332.840087890625,645.1799926757812,1.0,1298.1400146484375,554.9600219726562,1.0,1176.68994140625,534.1400146484375,1.0,937.260009765625,541.0800170898438,1.0,1062.179931640625,527.2000122070312,1.0
0604110541_rgb,110,1229.4000244140625,780.8299560546875,1.0,1218.8699951171875,745.72998046875,1.0,1208.3399658203125,707.1199951171875,1.0,1124.0999755859375,798.3800048828125,1.0,1110.06005859375,763.280029296875,1.0,1117.0799560546875,724.6700439453125,1.0,959.1300048828125,791.3599853515625,1.0,941.5800170898438,756.260009765625,1.0,927.5399780273438,707.1199951171875,1.0,843.2999877929688,798.3800048828125,1.0,853.8300170898438,766.7900390625,1.0,871.3800048828125,700.0999755859375,1.0,1341.719970703125,640.4299926757812,1.0,1306.6199951171875,552.6799926757812,1.0,1183.77001953125,535.1300048828125,1.0,941.5800170898438,538.6400146484375,1.0,1074.9599609375,528.1099853515625,1.0
0604110541_rgb,111,1238.5,781.8250122070312,1.0,1224.4000244140625,750.0999755859375,1.0,1210.300048828125,711.3250122070312,1.0,1122.175048828125,799.4500122070312,1.0,1111.5999755859375,764.2000122070312,1.0,1118.6500244140625,725.425048828125,1.0,956.5,792.4000244140625,1.0,942.4000244140625,757.1500244140625,1.0,928.2999877929688,707.800048828125,1.0,850.75,795.925048828125,1.0,864.8499755859375,764.2000122070312,1.0,878.9500122070312,700.75,1.0,1351.300048828125,644.3499755859375,1.0,1316.050048828125,552.7000122070312,1.0,1192.675048828125,538.5999755859375,1.0,949.4500122070312,538.5999755859375,1.0,1083.4000244140625,531.5499877929688,1.0
0604110541_rgb,112,1238.31005859375,780.8349609375,1.0,1220.8349609375,752.875,1.0,1210.3499755859375,714.4299926757812,1.0,1119.47998046875,798.3099975585938,1.0,1112.489990234375,763.3599853515625,1.0,1119.47998046875,724.9149780273438,1.0,958.7099609375,791.3199462890625,1.0,944.72998046875,756.3699951171875,1.0,934.2449951171875,714.4299926757812,1.0,874.8300170898438,791.3199462890625,1.0,895.7999877929688,759.864990234375,1.0,895.7999877929688,700.449951171875,1.0,1357.139892578125,634.0449829101562,1.0,1322.18994140625,553.6599731445312,1.0,1203.3599853515625,536.1849975585938,1.0,958.7099609375,539.6799926757812,1.0,1091.52001953125,529.1950073242188,1.0
0604110541_rgb,113,1237.9599609375,781.9600219726562,1.0,1220.760009765625,751.0,1.0,1213.8800048828125,713.1600341796875,1.0,1121.0,795.719970703125,1.0,1114.1199951171875,761.3200073242188,1.0,1127.8800048828125,726.9200439453125,1.0,969.6400146484375,785.4000244140625,1.0,955.8800048828125,761.3200073242188,1.0,949.0,720.0400390625,1.0,921.47998046875,792.280029296875,1.0,931.7999877929688,764.760009765625,1.0,914.5999755859375,702.8399658203125,1.0,1368.679931640625,630.5999755859375,1.0,1327.4000244140625,548.0400390625,1.0,1210.43994140625,534.280029296875,1.0,976.52001953125,541.1600341796875,1.0,1100.3599853515625,527.4000244140625,1.0
0604110541_rgb,114,1236.6500244140625,783.6749877929688,1.0,1223.030029296875,753.030029296875,1.0,1216.219970703125,715.574951171875,1.0,1127.68994140625,797.2949829101562,1.0,1117.4749755859375,763.2449951171875,1.0,1131.094970703125,725.7900390625,1.0,937.010009765625,783.6749877929688,1.0,940.4149780273438,759.8399658203125,1.0,926.7949829101562,701.9549560546875,1.0,964.25,793.8900146484375,1.0,967.655029296875,763.2449951171875,1.0,960.844970703125,705.3599853515625,1.0,1372.8499755859375,630.4500122070312,1.0,1335.39501953125,548.72998046875,1.0,1219.625,535.1099853515625,1.0,984.6799926757812,538.5150146484375,1.0,1103.85498046875,528.2999877929688,1.0
0604110541_rgb,115,1236.1199951171875,782.0250244140625,1.0,1222.4599609375,751.2900390625,1.0,1215.6300048828125,713.7249755859375,1.0,1126.8399658203125,795.6849975585938,1.0,1123.425048828125,761.5350341796875,1.0,1140.5,723.969970703125,1.0,956.0899658203125,795.6849975585938,1.0,945.844970703125,761.5350341796875,1.0,942.4299926757812,710.3099975585938,1.0,1014.14501953125,795.6849975585938,1.0,1010.72998046875,761.5350341796875,1.0,983.4100341796875,717.1400146484375,1.0,1386.3800048828125,631.7650146484375,1.0,1345.4000244140625,546.3900146484375,1.0,1222.4599609375,532.72998046875,1.0,997.0700073242188,539.5599975585938,1.0,1120.010009765625,529.3150024414062,1.0
0604110541_rgb,116,1238.89501953125,783.3599853515625,1.0,1218.5849609375,752.89501953125,1.0,1215.199951171875,715.6600341796875,1.0,1123.804931640625,790.1300048828125,1.0,1144.114990234375,759.6650390625,1.0,1167.81005859375,725.8150024414062,1.0,957.9400024414062,790.1300048828125,1.0,941.0150146484375,759.6650390625,1.0,951.1699829101562,702.1199951171875,1.0,1066.260009765625,796.9000244140625,1.0,1052.719970703125,763.0499877929688,1.0,1018.8699951171875,722.4299926757812,1.0,1391.219970703125,627.6500244140625,1.0,1357.3699951171875,546.4100341796875,1.0,1235.510009765625,532.8699951171875,1.0,1005.3300170898438,539.6400146484375,1.0,1130.574951171875,526.0999755859375,1.0
0604110541_rgb,117,1239.219970703125,780.6749877929688,1.0,1218.7900390625,750.030029296875,1.0,1218.7900390625,712.574951171875,1.0,1130.260009765625,777.27001953125,1.0,1157.5,760.2449951171875,1.0,1184.739990234375,729.5999755859375,1.0,960.010009765625,790.8900146484375,1.0,946.3900146484375,756.8399658203125,1.0,953.2000122070312,702.3599853515625,1.0,1085.9949951171875,794.2949829101562,1.0,1065.56494140625,760.2449951171875,1.0,1034.9200439453125,715.97998046875,1.0,1395.8499755859375,627.4500122070312,1.0,1361.800048828125,545.72998046875,1.0,1239.219970703125,528.7050170898438,1.0,1014.489990234375,538.9199829101562,1.0,1137.070068359375,525.2999877929688,1.0
0604110541_rgb,118,1237.239990234375,783.1199951171875,1.0,1223.56005859375,752.3399658203125,1.0,1213.300048828125,704.4600219726562,1.0,1165.4200439453125,776.280029296875,1.0,1196.199951171875,759.1800537109375,1.0,1223.56005859375,731.8200073242188,1.0,963.6400146484375,789.9600219726562,1.0,946.5399780273438,759.1800537109375,1.0,960.219970703125,697.6199951171875,1.0,1110.699951171875,793.3800048828125,1.0,1086.760009765625,762.5999755859375,1.0,1055.97998046875,714.719970703125,1.0,1408.239990234375,625.800048828125,1.0,1370.6199951171875,543.719970703125,1.0,1250.9200439453125,530.0400390625,1.0,1018.3599853515625,536.8800048828125,1.0,1144.9000244140625,526.6199951171875,1.0
0604110541_rgb,119,1245.56005859375,783.9599609375,1.0,1238.8399658203125,753.719970703125,1.0,1218.679931640625,713.4000244140625,1.0,1181.719970703125,773.8800048828125,1.0,1211.9599609375,763.7999877929688,1.0,1248.919921875,723.47998046875,1.0,959.9600219726562,790.6799926757812,1.0,953.239990234375,757.0799560546875,1.0,963.3200073242188,696.5999755859375,1.0,1111.1600341796875,794.0399780273438,1.0,1087.6400146484375,763.7999877929688,1.0,1060.760009765625,716.760009765625,1.0,1410.199951171875,629.4000244140625,1.0,1376.5999755859375,542.0399780273438,1.0,1262.3599853515625,528.5999755859375,1.0,1030.52001953125,538.6799926757812,1.0,1151.47998046875,528.5999755859375,1.0
0604110541_rgb,120,1240.840087890625,784.6800537109375,1.0,1227.320068359375,747.5,1.0,1223.93994140625,713.7000122070312,1.0,1213.800048828125,777.9200439453125,1.0,1261.1199951171875,754.260009765625,1.0,1274.6400146484375,717.0800170898438,1.0,956.9199829101562,791.4400024414062,1.0,950.1600341796875,757.6400146484375,1.0,970.4400024414062,696.800048828125,1.0,1109.02001953125,794.8200073242188,1.0,1085.3599853515625,764.4000244140625,1.0,1054.93994140625,717.0800170898438,1.0,1423.360107421875,629.2000122070312,1.0,1392.93994140625,541.3200073242188,1.0,1264.5,527.7999877929688,1.0,1038.0400390625,541.3200073242188,1.0,1166.47998046875,527.7999877929688,1.0
0604110541_rgb,121,1237.449951171875,783.050048828125,1.0,1220.300048828125,755.6099853515625,1.0,1220.300048828125,711.02001953125,1.0,1268.320068359375,779.6199951171875,1.0,1282.0400390625,752.1800537109375,1.0,1288.9000244140625,711.02001953125,1.0,959.6199951171875,793.3399658203125,1.0,956.1900024414062,755.6099853515625,1.0,980.2000122070312,697.300048828125,1.0,1110.5400390625,796.77001953125,1.0,1089.9599609375,765.9000244140625,1.0,1059.0899658203125,721.3099975585938,1.0,1432.9599609375,628.7000122070312,1.0,1398.6600341796875,539.52001953125,1.0,1271.75,525.7999877929688,1.0,1048.800048828125,539.52001953125,1.0,1172.280029296875,525.7999877929688,1.0
0604110541_rgb,122,1240.0799560546875,784.7750244140625,1.0,1222.7550048828125,753.5899658203125,1.0,1226.219970703125,712.010009765625,1.0,1309.3800048828125,781.3099975585938,1.0,1319.7750244140625,746.6600341796875,1.0,1316.31005859375,705.0799560546875,1.0,962.8800048828125,795.1699829101562,1.0,959.4149780273438,757.0549926757812,1.0,983.6699829101562,694.6849975585938,1.0,1111.875,795.1699829101562,1.0,1087.6199951171875,763.9849853515625,1.0,1066.8299560546875,718.9400024414062,1.0,1447.97998046875,628.8499755859375,1.0,1413.3299560546875,545.6900024414062,1.0,1285.125,528.364990234375,1.0,1063.364990234375,538.760009765625,1.0,1181.175048828125,528.364990234375,1.0
0604110541_rgb,123,1236.0799560546875,784.8499755859375,1.0,1222.0400390625,749.75,1.0,1229.06005859375,711.1400146484375,1.0,1327.3399658203125,781.3399658203125,1.0,1334.3599853515625,742.72998046875,1.0,1327.3399658203125,704.1199951171875,1.0,962.2999877929688,791.8699951171875,1.0,958.7899780273438,756.77001953125,1.0,986.8699951171875,693.5899658203125,1.0,1113.22998046875,795.3800048828125,1.0,1088.6600341796875,767.2999877929688,1.0,1067.5999755859375,718.1600341796875,1.0,1453.699951171875,633.9200439453125,1.0,1415.090087890625,542.6600341796875,1.0,1299.260009765625,528.6199951171875,1.0,1064.0899658203125,535.6400146484375,1.0,1186.93994140625,528.6199951171875,1.0
0604110541_rgb,124,1240.6199951171875,781.010009765625,1.0,1223.0450439453125,749.375,1.0,1233.5899658203125,710.7100219726562,1.0,1360.1300048828125,781.010009765625,1.0,1353.0999755859375,742.344970703125,1.0,1339.0400390625,703.6800537109375,1.0,973.47998046875,777.4949951171875,1.0,973.47998046875,759.9200439453125,1.0,1001.5999755859375,693.135009765625,1.0,1110.56494140625,798.5850219726562,1.0,1092.989990234375,766.9500122070312,1.0,1071.9000244140625,721.2550048828125,1.0,1465.580078125,626.3499755859375,1.0,1423.4000244140625,541.989990234375,1.0,1303.8900146484375,527.9299926757812,1.0,1082.445068359375,534.9600219726562,1.0,1198.43994140625,527.9299926757812,1.0
0604110541_rgb,125,1235.679931640625,785.5750122070312,1.0,1225.0450439453125,750.125,1.0,1235.679931640625,711.1300048828125,1.0,1370.3900146484375,782.030029296875,1.0,1356.2099609375,746.5800170898438,1.0,1342.030029296875,711.1300048828125,1.0,980.4400024414062,778.4849853515625,1.0,994.6199951171875,746.5800170898438,1.0,1008.7999877929688,689.8599853515625,1.0,1111.60498046875,796.2100219726562,1.0,1090.3349609375,764.3050537109375,1.0,1072.6099853515625,718.219970703125,1.0,1476.739990234375,626.050048828125,1.0,1430.655029296875,540.969970703125,1.0,1310.125,526.7900390625,1.0,1086.7900390625,533.8800048828125,1.0,1207.320068359375,526.7900390625,1.0
0604110541_rgb,126,1236.06005859375,783.5499877929688,1.0,1225.469970703125,748.25,1.0,1243.1199951171875,709.4199829101562,1.0,1370.199951171875,787.0799560546875,1.0,1356.0799560546875,755.3099975585938,1.0,1349.02001953125,712.949951171875,1.0,1010.1400146484375,780.02001953125,1.0,1020.72998046875,748.25,1.0,1027.7900390625,695.2999877929688,1.0,1112.510009765625,797.6699829101562,1.0,1094.8599853515625,765.9000244140625,1.0,1080.739990234375,716.47998046875,1.0,1486.68994140625,624.7000122070312,1.0,1440.800048828125,539.97998046875,1.0,1320.780029296875,532.9199829101562,1.0,1101.9200439453125,532.9199829101562,1.0,1218.4100341796875,525.8599853515625,1.0
0604110541_rgb,127,1240.3599853515625,782.760009765625,1.0,1230.1300048828125,752.0700073242188,1.0,1247.1800537109375,714.5599975585938,1.0,1369.93994140625,786.1700439453125,1.0,1356.300048828125,755.47998046875,1.0,1349.47998046875,714.5599975585938,1.0,1059.6300048828125,775.9400024414062,1.0,1073.27001953125,741.8399658203125,1.0,1056.219970703125,690.6900024414062,1.0,1110.780029296875,792.989990234375,1.0,1097.1400146484375,765.7100219726562,1.0,1086.9100341796875,711.1500244140625,1.0,1499.52001953125,625.9000244140625,1.0,1451.780029296875,544.0599975585938,1.0,1339.25,530.4199829101562,1.0,1110.780029296875,533.8300170898438,1.0,1233.5400390625,523.5999755859375,1.0
0604110541_rgb,128,1235.8499755859375,782.6400146484375,1.0,1232.4849853515625,752.35498046875,1.0,1249.31005859375,711.9749755859375,1.0,1370.449951171875,786.0050048828125,1.0,1356.989990234375,755.719970703125,1.0,1350.260009765625,715.3399658203125,1.0,1074.3299560546875,775.9100341796875,1.0,1081.06005859375,742.260009765625,1.0,1070.9649658203125,685.0549926757812,1.0,1104.614990234375,792.7349853515625,1.0,1101.25,762.4500122070312,1.0,1091.155029296875,711.9749755859375,1.0,1505.050048828125,627.8499755859375,1.0,1457.93994140625,547.0899658203125,1.0,1346.89501953125,533.6300048828125,1.0,1111.344970703125,533.6300048828125,1.0,1249.31005859375,520.1699829101562,1.0
0604110541_rgb,129,1234.0,781.0,1.0,1237.375,750.625,1.0,1254.25,713.5,1.0,1372.375,787.75,1.0,1355.5,757.375,1.0,1352.125,720.25,1.0,1132.75,774.25,1.0,1132.75,740.5,1.0,1112.5,693.25,1.0,1105.75,797.875,1.0,1088.875,764.125,1.0,1085.5,710.125,1.0,1517.5,625.75,1.0,1473.625,544.75,1.0,1358.875,531.25,1.0,1126.0,531.25,1.0,1250.875,524.5,1.0
0604110541_rgb,130,1236.5400390625,780.0400390625,1.0,1246.7099609375,749.530029296875,1.0,1263.6600341796875,712.239990234375,1.0,1375.530029296875,786.8200073242188,1.0,1358.580078125,756.31005859375,1.0,1351.800048828125,719.02001953125,1.0,1155.1800537109375,776.6500244140625,1.0,1145.010009765625,742.75,1.0,1128.06005859375,698.6800537109375,1.0,1111.1099853515625,796.989990234375,1.0,1094.1600341796875,763.0900268554688,1.0,1090.77001953125,708.8499755859375,1.0,1517.9100341796875,627.489990234375,1.0,1480.6199951171875,542.739990234375,1.0,1365.3599853515625,532.5700073242188,1.0,1131.449951171875,532.5700073242188,1.0,1263.6600341796875,522.4000244140625,1.0
0604110541_rgb,131,1245.18994140625,769.2099609375,1.0,1268.780029296875,745.6199951171875,1.0,1292.3699951171875,715.2899780273438,1.0,1369.8800048828125,786.0599975585938,1.0,1356.4000244140625,755.72998046875,1.0,1349.659912109375,718.6599731445312,1.0,1201.3800048828125,779.3199462890625,1.0,1181.1600341796875,745.6199951171875,1.0,1154.199951171875,705.1799926757812,1.0,1110.3900146484375,796.1699829101562,1.0,1093.5400390625,765.8399658203125,1.0,1100.280029296875,705.1799926757812,1.0,1528.27001953125,631.0399780273438,1.0,1491.199951171875,543.4199829101562,1.0,1369.8800048828125,529.9400024414062,1.0,1140.719970703125,533.3099975585938,1.0,1275.52001953125,523.2000122070312,1.0
0604110541_rgb,132,1254.155029296875,763.3499755859375,1.0,1284.7099609375,746.375,1.0,1311.8699951171875,715.8200073242188,1.0,1372.97998046875,787.114990234375,1.0,1359.4000244140625,756.5599975585938,1.0,1352.6099853515625,722.6099853515625,1.0,1203.22998046875,776.9299926757812,1.0,1189.6500244140625,742.97998046875,1.0,1162.489990234375,702.239990234375,1.0,1108.1700439453125,793.905029296875,1.0,1094.5899658203125,763.3499755859375,1.0,1101.3800048828125,702.239990234375,1.0,1535.93994140625,627.5499877929688,1.0,1495.199951171875,542.6749877929688,1.0,1376.375,532.489990234375,1.0,1142.1199951171875,532.489990234375,1.0,1271.1300048828125,522.3049926757812,1.0
0604110541_rgb,133,1287.8599853515625,756.6400146484375,1.0,1321.6600341796875,746.5,1.0,1335.1800537109375,712.7000122070312,1.0,1372.3599853515625,783.6800537109375,1.0,1358.840087890625,756.6400146484375,1.0,1368.97998046875,722.8400268554688,1.0,1216.8800048828125,780.300048828125,1.0,1196.5999755859375,749.8800048828125,1.0,1169.56005859375,702.5599975585938,1.0,1108.719970703125,797.2000122070312,1.0,1095.199951171875,763.4000244140625,1.0,1105.3399658203125,705.9400024414062,1.0,1541.360107421875,628.2000122070312,1.0,1507.56005859375,543.7000122070312,1.0,1385.8800048828125,530.1799926757812,1.0,1152.6600341796875,533.5599975585938,1.0,1284.47998046875,523.4200439453125,1.0
0604110541_rgb,134,1309.0,756.6400146484375,1.0,1336.0400390625,743.1199951171875,1.0,1359.699951171875,705.9400024414062,1.0,1369.840087890625,790.4400024414062,1.0,1359.699951171875,760.02001953125,1.0,1356.320068359375,729.5999755859375,1.0,1214.3599853515625,780.300048828125,1.0,1194.0799560546875,749.8800048828125,1.0,1167.0400390625,705.9400024414062,1.0,1109.5799560546875,797.2000122070312,1.0,1096.06005859375,766.780029296875,1.0,1112.9599609375,702.5599975585938,1.0,1552.360107421875,628.2000122070312,1.0,1515.179931640625,547.0800170898438,1.0,1390.1199951171875,533.5599975585938,1.0,1163.6600341796875,533.5599975585938,1.0,1288.719970703125,526.7999877929688,1.0
0604110541_rgb,135,1349.3499755859375,756.280029296875,1.0,1389.969970703125,742.739990234375,1.0,1396.739990234375,708.8900146484375,1.0,1383.199951171875,786.7449951171875,1.0,1362.8900146484375,769.8200073242188,1.0,1362.8900146484375,715.6600341796875,1.0,1213.949951171875,779.9749755859375,1.0,1193.6400146484375,749.510009765625,1.0,1169.9449462890625,705.5050048828125,1.0,1109.0150146484375,800.2850341796875,1.0,1098.8599853515625,763.0499877929688,1.0,1115.7850341796875,702.1199951171875,1.0,1559.219970703125,627.6500244140625,1.0,1525.3699951171875,546.4100341796875,1.0,1396.739990234375,532.8699951171875,1.0,1173.3299560546875,532.8699951171875,1.0,1301.9599609375,526.0999755859375,1.0
0604110541_rgb,136,1410.4599609375,765.364990234375,1.0,1427.5350341796875,738.0449829101562,1.0,1424.1199951171875,697.0650024414062,1.0,1369.47998046875,789.27001953125,1.0,1359.2349853515625,758.5350341796875,1.0,1362.6500244140625,717.5549926757812,1.0,1212.3900146484375,782.4400024414062,1.0,1198.72998046875,748.2900390625,1.0,1178.239990234375,700.47998046875,1.0,1109.93994140625,799.5150146484375,1.0,1103.1099853515625,765.364990234375,1.0,1123.5999755859375,700.47998046875,1.0,1574.3800048828125,632.1799926757812,1.0,1540.22998046875,546.8049926757812,1.0,1410.4599609375,529.72998046875,1.0,1185.0699462890625,536.5599975585938,1.0,1314.8399658203125,526.3150024414062,1.0
0604110541_rgb,137,1443.25,771.5250244140625,1.0,1443.25,733.8499755859375,1.0,1436.4000244140625,696.1749877929688,1.0,1374.75,788.6500244140625,1.0,1357.625,757.824951171875,1.0,1361.050048828125,716.7249755859375,1.0,1210.3499755859375,781.7999877929688,1.0,1196.6500244140625,747.5499877929688,1.0,1176.0999755859375,699.5999755859375,1.0,1111.0250244140625,798.9249877929688,1.0,1104.175048828125,764.6749877929688,1.0,1128.1500244140625,699.5999755859375,1.0,1580.25,637.949951171875,1.0,1546.0,548.9000244140625,1.0,1415.8499755859375,528.3499755859375,1.0,1196.6500244140625,535.2000122070312,1.0,1313.0999755859375,528.3499755859375,1.0
0604110541_rgb,138,1476.3399658203125,772.1900024414062,1.0,1466.050048828125,737.8900146484375,1.0,1455.760009765625,700.1600341796875,1.0,1373.43994140625,789.3399658203125,1.0,1359.719970703125,755.0400390625,1.0,1366.580078125,713.8800048828125,1.0,1208.800048828125,782.47998046875,1.0,1195.0799560546875,748.1800537109375,1.0,1181.3599853515625,700.1600341796875,1.0,1105.9000244140625,792.77001953125,1.0,1116.18994140625,758.469970703125,1.0,1136.77001953125,696.72998046875,1.0,1592.9599609375,631.5599975585938,1.0,1555.22998046875,545.8099975585938,1.0,1428.320068359375,532.0900268554688,1.0,1201.93994140625,535.52001953125,1.0,1332.280029296875,525.22998046875,1.0
0604110541_rgb,139,1486.4000244140625,775.1799926757812,1.0,1472.56005859375,744.0400390625,1.0,1458.719970703125,705.97998046875,1.0,1372.219970703125,785.5599975585938,1.0,1361.8399658203125,754.4200439453125,1.0,1368.760009765625,716.3599853515625,1.0,1209.5999755859375,782.0999755859375,1.0,1195.760009765625,747.5,1.0,1181.9200439453125,702.52001953125,1.0,1112.719970703125,789.02001953125,1.0,1126.56005859375,757.8800048828125,1.0,1147.320068359375,695.5999755859375,1.0,1597.1199951171875,633.3200073242188,1.0,1562.52001953125,543.3599853515625,1.0,1427.580078125,529.52001953125,1.0,1206.1400146484375,532.97998046875,1.0,1334.1600341796875,526.0599975585938,1.0
0604110541_rgb,140,1485.8599853515625,777.97998046875,1.0,1468.510009765625,746.75,1.0,1458.0999755859375,708.5800170898438,1.0,1374.820068359375,784.9200439453125,1.0,1360.93994140625,753.6900024414062,1.0,1374.820068359375,715.52001953125,1.0,1215.199951171875,781.4500122070312,1.0,1197.8499755859375,750.219970703125,1.0,1194.3800048828125,705.1099853515625,1.0,1131.9200439453125,777.97998046875,1.0,1156.2099609375,753.6900024414062,1.0,1156.2099609375,698.1700439453125,1.0,1610.780029296875,632.239990234375,1.0,1569.1400146484375,542.02001953125,1.0,1444.219970703125,528.1400146484375,1.0,1222.1400146484375,535.0800170898438,1.0,1354.0,528.1400146484375,1.0
0604110541_rgb,141,1486.280029296875,777.7000122070312,1.0,1469.1800537109375,750.3399658203125,1.0,1462.3399658203125,709.300048828125,1.0,1370.0,787.9600219726562,1.0,1363.1600341796875,753.760009765625,1.0,1376.8399658203125,719.5599975585938,1.0,1212.6800537109375,781.1199951171875,1.0,1202.4200439453125,753.760009765625,1.0,1195.5799560546875,709.300048828125,1.0,1157.9599609375,781.1199951171875,1.0,1168.219970703125,750.3399658203125,1.0,1164.800048828125,695.6199951171875,1.0,1616.239990234375,630.6400146484375,1.0,1575.199951171875,541.719970703125,1.0,1452.080078125,534.8800048828125,1.0,1229.780029296875,534.8800048828125,1.0,1359.739990234375,524.6199951171875,1.0
0604110541_rgb,142,1487.800048828125,777.0,1.0,1464.0,749.800048828125,1.0,1464.0,712.4000244140625,1.0,1372.199951171875,787.2000122070312,1.0,1368.800048828125,753.2000122070312,1.0,1385.800048828125,719.2000122070312,1.0,1198.800048828125,780.4000244140625,1.0,1195.4000244140625,760.0,1.0,1178.4000244140625,698.800048828125,1.0,1222.5999755859375,787.2000122070312,1.0,1229.4000244140625,753.2000122070312,1.0,1212.4000244140625,695.4000244140625,1.0,1623.800048828125,630.800048828125,1.0,1586.4000244140625,542.4000244140625,1.0,1467.4000244140625,528.7999877929688,1.0,1243.0,535.5999755859375,1.0,1365.4000244140625,522.0,1.0
0604110541_rgb,143,1489.199951171875,774.5999755859375,1.0,1465.4000244140625,750.800048828125,1.0,1462.0,710.0,1.0,1373.5999755859375,788.2000122070312,1.0,1370.199951171875,754.2000122070312,1.0,1387.199951171875,720.2000122070312,1.0,1210.4000244140625,781.4000244140625,1.0,1200.199951171875,750.800048828125,1.0,1193.4000244140625,693.0,1.0,1241.0,791.5999755859375,1.0,1241.0,750.800048828125,1.0,1227.4000244140625,706.5999755859375,1.0,1632.0,631.800048828125,1.0,1594.60009765625,543.4000244140625,1.0,1475.5999755859375,529.7999877929688,1.0,1247.800048828125,533.2000122070312,1.0,1373.5999755859375,523.0,1.0
0604110541_rgb,144,1487.510009765625,776.9749755859375,1.0,1467.199951171875,746.510009765625,1.0,1460.429931640625,709.2750244140625,1.0,1372.4200439453125,787.1300048828125,1.0,1372.4200439453125,753.280029296875,1.0,1399.5,719.4299926757812,1.0,1213.324951171875,780.3599853515625,1.0,1199.7850341796875,763.4349975585938,1.0,1203.1700439453125,699.1199951171875,1.0,1294.56494140625,787.1300048828125,1.0,1284.4100341796875,753.280029296875,1.0,1257.3299560546875,709.2750244140625,1.0,1639.8349609375,628.0350341796875,1.0,1602.5999755859375,543.4100341796875,1.0,1480.739990234375,529.8699951171875,1.0,1257.3299560546875,533.2550048828125,1.0,1385.9599609375,523.0999755859375,1.0
0604110541_rgb,145,1486.739990234375,775.300048828125,1.0,1466.4599609375,748.260009765625,1.0,1463.080078125,707.7000122070312,1.0,1368.43994140625,785.4400024414062,1.0,1381.9599609375,755.02001953125,1.0,1409.0,721.219970703125,1.0,1212.9599609375,785.4400024414062,1.0,1199.43994140625,751.6400146484375,1.0,1199.43994140625,697.5599975585938,1.0,1317.739990234375,785.4400024414062,1.0,1300.8399658203125,755.02001953125,1.0,1273.800048828125,711.0800170898438,1.0,1645.60009765625,629.9600219726562,1.0,1608.4200439453125,542.0800170898438,1.0,1490.1199951171875,528.5599975585938,1.0,1263.6600341796875,531.9400024414062,1.0,1392.0999755859375,521.7999877929688,1.0
0604110541_rgb,146,1482.5999755859375,774.300048828125,1.0,1465.699951171875,747.260009765625,1.0,1472.4599609375,706.7000122070312,1.0,1391.3399658203125,767.5400390625,1.0,1421.760009765625,750.6400146484375,1.0,1442.0400390625,726.97998046875,1.0,1212.199951171875,784.4400024414062,1.0,1202.06005859375,754.02001953125,1.0,1205.43994140625,696.5599975585938,1.0,1354.1600341796875,784.4400024414062,1.0,1333.8800048828125,757.4000244140625,1.0,1303.4599609375,713.4600219726562,1.0,1658.360107421875,625.5800170898438,1.0,1617.800048828125,541.0800170898438,1.0,1496.1199951171875,527.5599975585938,1.0,1273.0400390625,534.3200073242188,1.0,1394.719970703125,520.7999877929688,1.0
0604110541_rgb,147,1484.2149658203125,778.719970703125,1.0,1474.030029296875,748.1650390625,1.0,1470.635009765625,700.635009765625,1.0,1406.1300048828125,765.1400146484375,1.0,1440.0799560546875,754.9549560546875,1.0,1467.239990234375,731.1900024414062,1.0,1209.219970703125,782.114990234375,1.0,1202.4300537109375,748.1650390625,1.0,1216.010009765625,690.4500122070312,1.0,1361.9949951171875,785.510009765625,1.0,1341.625,754.9549560546875,1.0,1311.0699462890625,710.8200073242188,1.0,1664.1500244140625,622.5499877929688,1.0,1623.409912109375,541.0700073242188,1.0,1501.18994140625,527.489990234375,1.0,1277.1199951171875,534.280029296875,1.0,1399.3399658203125,520.7000122070312,1.0
0604110541_rgb,148,1494.3800048828125,779.760009765625,1.0,1473.9200439453125,745.6600341796875,1.0,1470.510009765625,708.1500244140625,1.0,1446.6400146484375,766.1199951171875,1.0,1480.739990234375,749.0700073242188,1.0,1508.02001953125,718.3800048828125,1.0,1214.760009765625,779.760009765625,1.0,1204.530029296875,749.0700073242188,1.0,1221.5799560546875,687.6900024414062,1.0,1361.3900146484375,789.989990234375,1.0,1340.9300537109375,755.8900146484375,1.0,1313.6500244140625,711.5599975585938,1.0,1678.52001953125,622.9000244140625,1.0,1637.60009765625,541.0599975585938,1.0,1514.8399658203125,527.4199829101562,1.0,1289.780029296875,534.239990234375,1.0,1415.949951171875,520.5999755859375,1.0
0604110541_rgb,149,1483.8499755859375,785.6500244140625,1.0,1466.5999755859375,747.7000122070312,1.0,1466.5999755859375,709.75,1.0,1480.4000244140625,768.4000244140625,1.0,1504.550048828125,754.5999755859375,1.0,1521.800048828125,713.2000122070312,1.0,1211.300048828125,782.2000122070312,1.0,1204.4000244140625,747.7000122070312,1.0,1225.0999755859375,689.050048828125,1.0,1363.0999755859375,789.0999755859375,1.0,1338.949951171875,758.050048828125,1.0,1314.800048828125,713.2000122070312,1.0,1683.949951171875,630.4000244140625,1.0,1646.0,540.7000122070312,1.0,1521.800048828125,526.9000244140625,1.0,1294.0999755859375,533.7999877929688,1.0,1421.75,526.9000244140625,1.0
0604110541_rgb,150,1487.6400146484375,778.4500122070312,1.0,1470.2900390625,750.6900024414062,1.0,1473.760009765625,709.050048828125,1.0,1522.3399658203125,774.97998046875,1.0,1543.1600341796875,747.219970703125,1.0,1550.0999755859375,709.050048828125,1.0,1210.0400390625,781.9200439453125,1.0,1206.5699462890625,747.219970703125,1.0,1230.8599853515625,691.7000122070312,1.0,1362.719970703125,785.3900146484375,1.0,1338.4300537109375,757.6300048828125,1.0,1314.1400146484375,712.52001953125,1.0,1695.840087890625,625.77001953125,1.0,1661.1400146484375,539.02001953125,1.0,1529.280029296875,525.1400146484375,1.0,1310.6700439453125,535.5499877929688,1.0,1435.5899658203125,525.1400146484375,1.0
0604110541_rgb,151,1482.9200439453125,782.6400146484375,1.0,1472.449951171875,751.22998046875,1.0,1475.93994140625,709.3499755859375,1.0,1552.719970703125,775.6600341796875,1.0,1563.18994140625,744.25,1.0,1566.679931640625,705.8599853515625,1.0,1210.699951171875,782.6400146484375,1.0,1210.699951171875,747.739990234375,1.0,1231.6400146484375,691.9000244140625,1.0,1360.77001953125,789.6199951171875,1.0,1339.8299560546875,758.2099609375,1.0,1318.8900146484375,712.8399658203125,1.0,1706.280029296875,629.0799560546875,1.0,1664.4000244140625,541.8300170898438,1.0,1538.760009765625,524.3800048828125,1.0,1315.4000244140625,534.8499755859375,1.0,1441.0400390625,524.3800048828125,1.0
0604110541_rgb,152,1484.1600341796875,780.2000122070312,1.0,1473.5999755859375,745.0,1.0,1484.1600341796875,709.7999877929688,1.0,1596.800048828125,783.719970703125,1.0,1596.800048828125,745.0,1.0,1582.719970703125,706.280029296875,1.0,1216.6400146484375,780.2000122070312,1.0,1213.1199951171875,745.0,1.0,1244.800048828125,692.2000122070312,1.0,1364.47998046875,787.239990234375,1.0,1339.8399658203125,755.5599975585938,1.0,1322.239990234375,713.3200073242188,1.0,1723.52001953125,625.3200073242188,1.0,1681.280029296875,544.3599853515625,1.0,1547.52001953125,530.280029296875,1.0,1325.760009765625,533.7999877929688,1.0,1448.9599609375,523.239990234375,1.0
0604110541_rgb,153,1486.1199951171875,779.114990234375,1.0,1471.5,746.219970703125,1.0,1486.1199951171875,709.6699829101562,1.0,1603.0799560546875,782.77001953125,1.0,1603.0799560546875,746.219970703125,1.0,1595.77001953125,702.3599853515625,1.0,1215.6500244140625,779.114990234375,1.0,1219.3050537109375,742.5650024414062,1.0,1252.199951171875,684.0849609375,1.0,1361.8499755859375,790.0799560546875,1.0,1339.9200439453125,757.1849975585938,1.0,1321.64501953125,713.324951171875,1.0,1731.0050048828125,629.260009765625,1.0,1683.489990234375,541.5399780273438,1.0,1555.56494140625,526.9199829101562,1.0,1336.2650146484375,530.5750122070312,1.0,1449.570068359375,526.9199829101562,1.0
0604110541_rgb,154,1491.0400390625,779.4549560546875,1.0,1476.5,746.739990234375,1.0,1491.0400390625,710.3900146484375,1.0,1618.2650146484375,790.3599853515625,1.0,1610.9949951171875,750.375,1.0,1600.0899658203125,710.3900146484375,1.0,1232.9549560546875,768.5499877929688,1.0,1254.7650146484375,735.8349609375,1.0,1265.6700439453125,684.9450073242188,1.0,1363.81494140625,786.7249755859375,1.0,1345.6400146484375,754.010009765625,1.0,1327.4649658203125,710.3900146484375,1.0,1745.489990234375,623.1500244140625,1.0,1694.5999755859375,539.5449829101562,1.0,1567.375,528.6400146484375,1.0,1342.0050048828125,532.2750244140625,1.0,1461.9599609375,525.0050048828125,1.0
0604110541_rgb,155,1484.8199462890625,783.6500244140625,1.0,1477.6400146484375,747.75,1.0,1492.0,711.8499755859375,1.0,1628.419921875,794.4199829101562,1.0,1617.6500244140625,758.52001953125,1.0,1606.8800048828125,719.030029296875,1.0,1251.469970703125,765.699951171875,1.0,1269.4200439453125,736.97998046875,1.0,1276.5999755859375,679.5399780273438,1.0,1359.1700439453125,787.239990234375,1.0,1341.219970703125,754.9299926757812,1.0,1330.449951171875,708.260009765625,1.0,1750.47998046875,622.0999755859375,1.0,1700.219970703125,539.530029296875,1.0,1578.1600341796875,528.760009765625,1.0,1348.4000244140625,528.760009765625,1.0,1474.050048828125,525.1699829101562,1.0
0604110541_rgb,156,1488.43994140625,780.5250244140625,1.0,1477.89501953125,745.375,1.0,1495.469970703125,713.739990234375,1.0,1629.0400390625,791.0700073242188,1.0,1611.465087890625,759.43505859375,1.0,1607.949951171875,720.77001953125,1.0,1298.6300048828125,769.97998046875,1.0,1305.6600341796875,731.3150024414062,1.0,1298.6300048828125,685.6199951171875,1.0,1361.9000244140625,784.0400390625,1.0,1344.324951171875,752.405029296875,1.0,1337.2950439453125,706.7100219726562,1.0,1762.610107421875,622.3499755859375,1.0,1713.4000244140625,537.989990234375,1.0,1590.375,530.9600219726562,1.0,1354.8699951171875,530.9600219726562,1.0,1481.4100341796875,523.9299926757812,1.0
0604110541_rgb,157,1486.679931640625,782.9599609375,1.0,1483.1949462890625,748.1099853515625,1.0,1500.6199951171875,713.260009765625,1.0,1619.1099853515625,786.4449462890625,1.0,1612.1400146484375,758.56494140625,1.0,1608.655029296875,727.199951171875,1.0,1326.3699951171875,769.02001953125,1.0,1326.3699951171875,737.655029296875,1.0,1308.9449462890625,688.864990234375,1.0,1361.219970703125,786.4449462890625,1.0,1350.7650146484375,755.0799560546875,1.0,1343.7950439453125,706.2899780273438,1.0,1772.449951171875,629.6199951171875,1.0,1723.659912109375,539.010009765625,1.0,1594.7149658203125,532.0399780273438,1.0,1364.7049560546875,532.0399780273438,1.0,1486.679931640625,525.0700073242188,1.0
0604110541_rgb,158,1491.239990234375,782.280029296875,1.0,1484.280029296875,747.47998046875,1.0,1505.1600341796875,712.6799926757812,1.0,1623.47998046875,789.239990234375,1.0,1613.0400390625,757.9200439453125,1.0,1609.56005859375,726.5999755859375,1.0,1379.8800048828125,761.4000244140625,1.0,1365.9599609375,730.0800170898438,1.0,1338.1199951171875,674.4000244140625,1.0,1355.52001953125,792.719970703125,1.0,1338.1199951171875,761.4000244140625,1.0,1327.6800537109375,705.719970703125,1.0,1783.56005859375,625.6799926757812,1.0,1734.840087890625,542.1600341796875,1.0,1602.5999755859375,531.719970703125,1.0,1372.9200439453125,531.719970703125,1.0,1505.1600341796875,521.280029296875,1.0
0604110541_rgb,159,1487.320068359375,779.7999877929688,1.0,1490.800048828125,748.47998046875,1.0,1511.679931640625,713.6799926757812,1.0,1626.52001953125,779.7999877929688,1.0,1619.56005859375,758.9200439453125,1.0,1619.56005859375,727.5999755859375,1.0,1396.8399658203125,769.3599853515625,1.0,1389.8800048828125,734.5599975585938,1.0,1369.0,685.8399658203125,1.0,1365.52001953125,786.760009765625,1.0,1348.1199951171875,751.9599609375,1.0,1334.199951171875,699.760009765625,1.0,1793.56005859375,630.1600341796875,1.0,1744.840087890625,539.6799926757812,1.0,1612.5999755859375,529.239990234375,1.0,1379.43994140625,529.239990234375,1.0,1515.1600341796875,522.280029296875,1.0
0604110541_rgb,160,1491.739990234375,772.02001953125,1.0,1516.135009765625,747.625,1.0,1537.044921875,716.260009765625,1.0,1631.1400146484375,796.4149780273438,1.0,1617.199951171875,765.0499877929688,1.0,1624.169921875,730.199951171875,1.0,1435.97998046875,772.02001953125,1.0,1418.554931640625,740.655029296875,1.0,1394.1600341796875,695.3499755859375,1.0,1359.31005859375,789.4449462890625,1.0,1345.3699951171875,754.594970703125,1.0,1348.85498046875,698.8349609375,1.0,1805.389892578125,625.6500244140625,1.0,1756.5999755859375,542.010009765625,1.0,1627.655029296875,528.0700073242188,1.0,1390.675048828125,531.5549926757812,1.0,1523.10498046875,521.0999755859375,1.0
0604110541_rgb,161,1499.93994140625,762.4100341796875,1.0,1531.7550048828125,748.27001953125,1.0,1549.4300537109375,716.4550170898438,1.0,1627.199951171875,790.6900024414062,1.0,1623.6650390625,762.4100341796875,1.0,1620.1300048828125,727.0599975585938,1.0,1450.449951171875,773.0150146484375,1.0,1432.7750244140625,737.6650390625,1.0,1400.9599609375,695.2449951171875,1.0,1362.074951171875,790.6900024414062,1.0,1347.93505859375,755.3399658203125,1.0,1351.469970703125,698.780029296875,1.0,1811.02001953125,628.0800170898438,1.0,1761.530029296875,539.7050170898438,1.0,1634.27001953125,529.0999755859375,1.0,1390.35498046875,529.0999755859375,1.0,1535.2900390625,522.030029296875,1.0
0604110541_rgb,162,1529.0400390625,756.1199951171875,1.0,1561.6199951171875,745.260009765625,1.0,1583.3399658203125,719.9199829101562,1.0,1623.159912109375,799.5599975585938,1.0,1619.5400390625,766.97998046875,1.0,1623.159912109375,727.1599731445312,1.0,1463.8800048828125,777.8399658203125,1.0,1442.1600341796875,745.260009765625,1.0,1413.199951171875,698.199951171875,1.0,1362.52001953125,788.699951171875,1.0,1348.0400390625,756.1199951171875,1.0,1355.280029296875,698.199951171875,1.0,1825.8800048828125,625.7999877929688,1.0,1775.199951171875,538.9199829101562,1.0,1641.260009765625,528.0599975585938,1.0,1402.3399658203125,531.6799926757812,1.0,1543.52001953125,524.4400024414062,1.0
0604110541_rgb,163,1563.77001953125,761.6600341796875,1.0,1585.5799560546875,739.8499755859375,1.0,1596.4849853515625,707.135009765625,1.0,1629.199951171875,790.739990234375,1.0,1625.56494140625,765.2950439453125,1.0,1629.199951171875,725.3099975585938,1.0,1461.989990234375,776.2000122070312,1.0,1436.5450439453125,743.4849853515625,1.0,1411.0999755859375,699.864990234375,1.0,1360.2099609375,794.375,1.0,1345.6700439453125,758.0250244140625,1.0,1360.2099609375,696.22998046875,1.0,1832.760009765625,627.1650390625,1.0,1781.8699951171875,539.9249877929688,1.0,1643.739990234375,529.02001953125,1.0,1411.0999755859375,529.02001953125,1.0,1549.22998046875,521.75,1.0
0604110541_rgb,164,1588.760009765625,766.239990234375,1.0,1614.239990234375,748.0400390625,1.0,1647.0,718.9200439453125,1.0,1599.6800537109375,795.3599853515625,1.0,1610.5999755859375,769.8800048828125,1.0,1614.239990234375,722.5599975585938,1.0,1461.3599853515625,773.52001953125,1.0,1439.52001953125,744.4000244140625,1.0,1417.6800537109375,693.4400024414062,1.0,1359.43994140625,791.719970703125,1.0,1348.52001953125,755.3200073242188,1.0,1366.719970703125,693.4400024414062,1.0,1847.199951171875,627.9200439453125,1.0,1792.60009765625,540.5599975585938,1.0,1657.9200439453125,533.280029296875,1.0,1424.9599609375,529.6400146484375,1.0,1559.6400146484375,518.719970703125,1.0
0604110541_rgb,165,1633.22998046875,767.969970703125,1.0,1651.3800048828125,749.8200073242188,1.0,1658.6400146484375,709.8900146484375,1.0,1629.5999755859375,800.6400146484375,1.0,1607.820068359375,771.5999755859375,1.0,1615.080078125,724.4100341796875,1.0,1455.3599853515625,778.8599853515625,1.0,1437.2099609375,742.5599975585938,1.0,1419.06005859375,699.0,1.0,1360.97998046875,793.3800048828125,1.0,1350.0899658203125,757.0800170898438,1.0,1368.239990234375,691.739990234375,1.0,1847.4000244140625,633.6600341796875,1.0,1803.840087890625,542.9100341796875,1.0,1669.530029296875,532.02001953125,1.0,1426.320068359375,532.02001953125,1.0,1564.260009765625,524.760009765625,1.0
0604110541_rgb,166,1679.429931640625,774.0449829101562,1.0,1694.010009765625,741.239990234375,1.0,1686.719970703125,704.7900390625,1.0,1621.1099853515625,799.5599975585938,1.0,1621.1099853515625,770.4000244140625,1.0,1621.1099853515625,726.6600341796875,1.0,1460.72998046875,777.6900024414062,1.0,1442.5050048828125,744.885009765625,1.0,1420.635009765625,697.5,1.0,1365.9599609375,792.27001953125,1.0,1351.3800048828125,755.8200073242188,1.0,1373.25,693.85498046875,1.0,1861.679931640625,631.8900146484375,1.0,1817.93994140625,544.4100341796875,1.0,1679.429931640625,529.8300170898438,1.0,1438.8599853515625,529.8300170898438,1.0,1577.3699951171875,522.5399780273438,1.0
0604110541_rgb,167,1727.080078125,781.1700439453125,1.0,1719.6600341796875,744.0700073242188,1.0,1708.530029296875,703.260009765625,1.0,1623.199951171875,799.719970703125,1.0,1615.780029296875,766.3300170898438,1.0,1619.489990234375,721.8099975585938,1.0,1459.9599609375,777.4599609375,1.0,1441.4100341796875,744.0700073242188,1.0,1422.8599853515625,695.8399658203125,1.0,1363.5,792.300048828125,1.0,1359.7900390625,755.2000122070312,1.0,1382.050048828125,692.1300048828125,1.0,1875.47998046875,632.77001953125,1.0,1823.5400390625,543.72998046875,1.0,1689.97998046875,532.5999755859375,1.0,1452.5400390625,528.8900146484375,1.0,1593.52001953125,521.469970703125,1.0
